AS65 Assembler for R6502 [1.42].                                     Page    1
----------------------------------- ppt3.s -----------------------------------

-------------------------------- Symbol Table --------------------------------

              Symbol   Value        Decimal

                .bss : $878e          34702
             ACOnOff : $8798          34712
             ACrAmSl : $8790          34704
             ACrEnSl : $8792          34706
             ACrNsSl : $8791          34705
             ACrTnSl : $8794          34708
             AddToEn : $8469          33897
             AddToNs : $87ea          34794
             AdInPtA : $82f0          33520
             AdInPtB : $83b4          33716
             AdInPtC : $83d6          33750
             AEnv_En : $87a2          34722
              AFlags : $87a3          34723
                Ampl : $87f5          34805   *
               AmplA : $0008              8   *
               AmplB : $0009              9   *
               AmplC : $000a             10   *
             ANNtSkp : $879f          34719
               ANote : $87a0          34720
             ANtSkCn : $87a9          34729
             AOffOnD : $879a          34714
             AOnOffD : $8799          34713
             AOrnPtr : $879b          34715
             APsInOr : $878e          34702
             APsInSm : $878f          34703
             ASamPtr : $879d          34717
             ASlToNt : $87a1          34721
              ATnAcc : $8796          34710
             ATnDelt : $87a7          34727
             ATnSlDl : $87a4          34724
             ATSlCnt : $8793          34707
             ATSlStp : $87a5          34725
             AVolume : $87aa          34730
              AYREGS : $87eb          34795
             BCOnOff : $87b5          34741
             BCrAmSl : $87ad          34733
             BCrEnSl : $87af          34735
             BCrNsSl : $87ae          34734
             BCrTnSl : $87b1          34737
             BEnv_En : $87bf          34751
              BFlags : $87c0          34752
             BNNtSkp : $87bc          34748
               BNote : $87bd          34749
             BNtSkCn : $87c6          34758
             BOffOnD : $87b7          34743
             BOnOffD : $87b6          34742
             BOrnPtr : $87b8          34744
             BPsInOr : $87ab          34731
             BPsInSm : $87ac          34732
             BSamPtr : $87ba          34746
             BSlToNt : $87be          34750
              BTnAcc : $87b3          34739
             BTnDelt : $87c4          34756
             BTnSlDl : $87c1          34753
             BTSlCnt : $87b0          34736
             BTSlStp : $87c2          34754
             BVolume : $87c7          34759
                bres : $7d93          32147
AS65 Assembler for R6502 [1.42].                                     Page    2
----------------------------------- ppt3.s -----------------------------------

             CCOnOff : $87d2          34770
             CCrAmSl : $87ca          34762
             CCrEnSl : $87cc          34764
             CCrNsSl : $87cb          34763
             CCrTnSl : $87ce          34766
             CEnv_En : $87dc          34780
              CFlags : $87dd          34781
             CHECKLP : $794b          31051
              CHREGS : $7ff0          32752
             CH_AMIN : $81d5          33237
              CH_AMP : $81b7          33207
             CH_APOS : $81f3          33267
              CH_ENV : $8216          33302
             CH_EXIT : $8287          33415
              CH_MIX : $8280          33408
             CH_NOAC : $80f3          33011
             CH_NOAM : $81e4          33252
             CH_NOEN : $8224          33316
              CH_NOK : $806a          32874
              CH_NTP : $8064          32868
             CH_ONDL : $82ce          33486
             CH_ORPS : $8054          32852
             CH_SMPS : $80b2          32946
             CH_STPP : $8193          33171
             CH_SVAM : $81de          33246
              CH_VOL : $81f9          33273
               ChanA : $878e          34702
               ChanB : $87ab          34731
               ChanC : $87c8          34760
             CNNtSkp : $87d9          34777
               CNote : $87da          34778
             CNtSkCn : $87e3          34787
             COffOnD : $87d4          34772
              COnOff : $000a             10   *
             COnOffD : $87d3          34771
              CORR_1 : $7b99          31641
              CORR_2 : $7bb8          31672
             COrnPtr : $87d5          34773
             CPsInOr : $87c8          34760
             CPsInSm : $87c9          34761
              CrAmSl : $0002              2   *
              CrEnSl : $0004              4   *
              CrNsSl : $0003              3   *
             CrPsPtr : $7934          31028
              CrTnSl : $0006              6   *
             CSamPtr : $87d7          34775
             CSlToNt : $87db          34779
              CTnAcc : $87d0          34768
             CTnDelt : $87e1          34785
             CTnSlDl : $87de          34782
             CTSlCnt : $87cd          34765
             CTSlStp : $87df          34783
             CurEDel : $87e8          34792
             CurESld : $87e6          34790
             CVolume : $87e4          34788
             C_DELAY : $7f56          32598
             C_ENGLS : $7f30          32560
             C_GLISS : $7e9d          32413
               C_NOP : $7fa0          32672
             C_ORPOS : $7ef3          32499
             C_PORTM : $7da1          32161
             C_SMPOS : $7ee4          32484
AS65 Assembler for R6502 [1.42].                                     Page    3
----------------------------------- ppt3.s -----------------------------------

             C_VIBRT : $7f02          32514
               Delay : $83eb          33771
             DelyCnt : $87e5          34789
              DOMUTE : $7925          31013
            DOUNMUTE : $7919          31001
         EMPTYSAMORN : $8728          34600   *
                 Env : $000b             11   *
             EnvBase : $87f9          34809   *
               EnvTp : $000d             13   *
             Env_Del : $84b0          33968
              Env_En : $0014             20   *
             ESldAdd : $84b5          33973
            FILE_END : $878e          34702   *
           FIX16BITS : $8689          34441
               Flags : $0015             21   *
                GL36 : $7ec7          32455
                INIT : $7972          31090
              INITV1 : $7c15          31765
              INITV2 : $7bff          31743
           LOOP_LDIR : $7a0a          31242
             LPosPtr : $8322          33570
                  L1 : $7b07          31495
                  L2 : $7b37          31543
                 L20 : $7a7b          31355
                 L21 : $7a7d          31357
                  L3 : $7b3b          31547
             MDADDR2 : $7fbf          32703
               Mixer : $0007              7   *
             MODADDR : $7c7c          31868
                MUTE : $7960          31072
             MUTERTS : $7933          31027
                  M1 : $7bf0          31728
                  M2 : $7c17          31767
                  M3 : $7c48          31816
              NNtSkp : $0011             17   *
               NOSIG : $7e62          32354
             NO_ENAC : $8253          33363
             NO_ENSL : $8267          33383
               Noise : $0006              6   *
                Note : $0012             18   *
             Ns_Base : $87e9          34793
     Ns_Base_AddToNs : $87e9          34793
                 NT_ : $88eb          35051
             NT_DATA : $86d8          34520
              NtSkCn : $001b             27   *
              OffOnD : $000c             12   *
             OLDPRTM : $7e38          32312
              OnOffD : $000b             11   *
         OricUserIRQ : $0006              6   *
              OrnPtr : $000d             13   *
             OrnPtrs : $7fae          32686
               OUT_S : $866c          34412
             PatsPtr : $8349          33609
              PD_ENV : $7cc5          31941
             PD_EOff : $7ca2          31906
             PD_ESAM : $7cd1          31953
              PD_FIN : $7d98          32152
             PD_LOOP : $7d01          32001
              PD_LP2 : $7d05          32005
             PD_NOIS : $7d6e          32110
             PD_NOTE : $7d7f          32127
              PD_ORN : $7ccb          31947
AS65 Assembler for R6502 [1.42].                                     Page    4
----------------------------------- ppt3.s -----------------------------------

             PD_OrSm : $7c50          31824
              PD_REL : $7d74          32116
              PD_RES : $7d8b          32139
              PD_SAM : $7c68          31848
             PD_SAM_ : $7c69          31849
             PD_SorE : $7cad          31917
              PD_VOL : $7c8f          31887
                PLAY : $82d3          33491
               PLNLP : $8333          33587
                PL1A : $8392          33682
                PL1B : $83a7          33703
                PL1C : $83c9          33737
                PL1D : $83eb          33771
                 PL2 : $83f0          33776
              PrNote : $7de5          32229
             PrSlide : $7e2b          32299
                PSP_ : $8392          33682
              PsInOr : $0000              0   *
              PsInSm : $0001              1   *
             PTDECOD : $7ced          31981
            Revision : $0030             48   *
                ROUT : $84c4          33988
              SamPtr : $000f             15   *
             SamPtrs : $7c6b          31851
              SETENV : $7f64          32612
              SETORN : $7fa1          32673
               SETUP : $00b0            176
             SET_STP : $7e86          32390
              SlToNt : $0013             19   *
        SND_DESELECT : $00dd            221   *
         SND_SELREAD : $00df            223   *
      SND_SELSETADDR : $00ff            255   *
        SND_SELWRITE : $00fd            253   *
             SPCCOMS : $7fd0          32720
               START : $7909          30985
                  sa : $7ac3          31427
                 saa : $7ec7          32455
                 sac : $7ee1          32481
                 sad : $7eee          32494
                 sae : $7efd          32509
                 saf : $7f0c          32524
                 sag : $7f1e          32542
                 sah : $7f55          32597
                 sak : $7f60          32608
                 sam : $7f8b          32651
                 saq : $800e          32782
                saq1 : $813c          33084
                saq2 : $829a          33434
                 sar : $8316          33558
                 sas : $82af          33455
                 sat : $82bb          33467
                sat1 : $82e8          33512
                sat2 : $82f0          33520
                sat3 : $8301          33537
                 sau : $8474          33908
                sau1 : $8476          33910
                  sb : $7ac7          31431
                 sb1 : $7ac9          31433
                  sc : $7b17          31511
                  sd : $7b48          31560
                  sf : $7b6b          31595
                  sg : $7b77          31607
AS65 Assembler for R6502 [1.42].                                     Page    5
----------------------------------- ppt3.s -----------------------------------

                 sg1 : $7b84          31620
                  sh : $7bd2          31698
                  si : $7c24          31780
                  sj : $7c63          31843
                 sj1 : $7c68          31848
                  sl : $7cbe          31934
                  sm : $7ce0          31968
                  sn : $7cea          31978
                  so : $7d0f          32015
                 so1 : $7d19          32025
                so11 : $7d20          32032
                 so2 : $7d25          32037
                 so3 : $7d2e          32046
                 so4 : $7d35          32053
                 so5 : $7d3a          32058
                 so6 : $7d47          32071
                 so7 : $7d54          32084
                  st : $7dc0          32192
                  sw : $7e4e          32334
                  sy : $7eb1          32433
                  sz : $7ec5          32453
                  s1 : $7958          31064
                  s2 : $79cc          31180
                 s7b : $7a88          31368
                 s8b : $7a89          31369
                 s9b : $7abf          31423
                 TA1 : $00bb            187   *
                 TA2 : $00bc            188   *
                 TB1 : $00bd            189   *
                 TB2 : $00be            190   *
                 TB3 : $00c1            193   *
             TCNEW_0 : $8712          34578
             TCNEW_1 : $86f4          34548   *
             TCNEW_2 : $871d          34589
             TCNEW_3 : $8708          34568
             TCOLD_0 : $86e8          34536
             TCOLD_1 : $86f4          34548
             TCOLD_2 : $86f6          34550
             TCOLD_3 : $8709          34569
                 TC1 : $00bf            191   *
                 TC2 : $00c0            192   *
                 TC3 : $00c2            194   *
             TC_EXIT : $7bd5          31701
               TnAcc : $0008              8   *
              TnDelt : $0019             25   *
              TnSlDl : $0016             22   *
                TonA : $0000              0   *
                TonB : $0002              2   *
                TonC : $0004              4   *
              TSlCnt : $0005              5   *
              TSlStp : $0017             23   *
                 T1_ : $872c          34604
                  T_ : $86e8          34536
             T_NEW_0 : $875e          34654   *
             T_NEW_1 : $872c          34604   *
             T_NEW_2 : $8776          34678   *
             T_NEW_3 : $875c          34652   *
             T_OLD_0 : $875e          34654   *
             T_OLD_1 : $872c          34604   *
             T_OLD_2 : $8744          34628   *
             T_OLD_3 : $875c          34652   *
                VARS : $878e          34702
AS65 Assembler for R6502 [1.42].                                     Page    6
----------------------------------- ppt3.s -----------------------------------

            VARS_END : $89ab          35243   *
             VAR0END : $87fb          34811   *
             Version : $7e23          32291
             VIA_ORA : $030f            783   *
             VIA_PCR : $030c            780   *
              Volume : $001c             28   *
                 VT_ : $87eb          34795
                val1 : $00bb            187
                val2 : $00bd            189
                val3 : $00bf            191
                val4 : $00c1            193
               z80_A : $00b1            177
              z80_AP : $00ba            186
               z80_B : $00b3            179
               z80_C : $00b2            178
               z80_D : $00b5            181
               z80_E : $00b4            180
               z80_H : $00b7            183
              z80_IX : $00b8            184
               z80_L : $00b6            182
            __6502__ : $0001              1

327 labels used

2392 lines read, no errors in pass 1.
AS65 Assembler for R6502 [1.42].                                     Page    7
----------------------------------- ppt3.s -----------------------------------

                             ; ===============================================
                             ; Vortex Tracker II v1.0 PT3 player for 6502
                             ; ORIC 1/ATMOS (6502) version
                             ; ScalexTrixx (A.C) - (c)2018
                             ;
                             ; Translated and adapted from ZX Spectrum Player 
                             ; by S.V.Bulba (with Ivan Roshin for some parts/a
                             ; https://bulba.untergrund.net/main_e.htm (c)2004
                             ;
0030 =                       Revision = "0" 
                             ; ===============================================
                             ; REV 0: 
                             ; ======
                             ; rev 0.34 (WK/TS)  - correction / 1.773 (288=x25
                             ;                   => file_end = $8E68
                             ;
                             ; rev 0.33 (WK)     - optimizations: PTDECOD
                             ;                   => file_end = $8E53
                             ;
                             ; rev 0.32 (WK)     - optimizations: PLAY
                             ;                   => file_end = $8F43
                             ;
                             ; rev 0.31 (WK)     - optimizations: CHREGS
                             ;                   => file_end = $8FC4
                             ;
                             ; rev 0.30 (WK)     - New base "full working" ver
                             ;                   - optimizations: zp variables
                             ;                   => file_end = $9027
                             ;
                             ; --------------------------------
                             ; WK: working / TS: test version |
                             ; ===============================================
                             ; TODO:
                             ; - lda ($AC),y -> lda ($AC,x)
                             ; - NOISE Register opt (/2 ?)
                             ; - déplacer / 1.773 avant CHREGS (cf CPC versio
                             ; - dans PD_LOOP: vérifier si des jmp relatifs s
                             ; - fix .bbs address
                             ; - check zero pages addresses
                             ; ===============================================
                             ;
                             ;	ORG $8000
                             ;
                             ; -------------------------------------
                                     bss
                             
00b0 =                       	org $b0
                                 
00b0 =                       SETUP   ds 1      ; set bit0 to 1, if you want to
                                                ; bit7 is set each time, when 
                             ; "registers" Z80
                             ; A = A
                             ; F = flags
                             
00b1 =                       z80_A   ds 1      ; save A
00b2 =                       z80_C   ds 1
00b3 =                       z80_B   ds 1
00b4 =                       z80_E   ds 1
00b5 =                       z80_D   ds 1
00b6 =                       z80_L   ds 1
00b7 =                       z80_H   ds 1
00b8 =                       z80_IX  ds 2
AS65 Assembler for R6502 [1.42].                                     Page    8
----------------------------------- ppt3.s -----------------------------------

00ba =                       z80_AP  ds 1      ; save A'
                             ; temp variable used during play
00bb =                       val1    ds 2
00bd =                       val2    ds 2
00bf =                       val3    ds 2
00c1 =                       val4    ds 2
00bb =                       TA1 = val1
00bc =                       TA2 = val1+1
00bd =                       TB1 = val2
00be =                       TB2 = val2+1
00bf =                       TC1 = val3
00c0 =                       TC2 = val3+1
00c1 =                       TB3 = val4
00c2 =                       TC3 = val4+1
                             
0006 =                       OricUserIRQ = 0x06
                             
                             ; =====================================
                             ; module PT3 address
                             ;MDLADDR = $2000
                             ; =====================================
                                     code
                             ; For dflat, allow build of code using hires scre
                              if USEHIRES
                                     org $9800
                              else
7900 =                               org $7900
                              endif
                             
                             ; START+00 : INIT (starts playing through IRQ)
                             ; START+03 : MUTE
                             ; START+06 : UNMUTE
7900 : 4c0979           [ 3]         jmp START
7903 : 4c2579           [ 3]         jmp DOMUTE
7906 : 4c1979           [ 3]         jmp DOUNMUTE
7909 :                       START
                             ; For dflat, assume that A,X provides address of 
                             ;        lda #lo(MDLADDR)                        
                             ;        sta z80_L
                             ;        lda #hi(MDLADDR)
                             ;        sta z80_H
7909 : 08               [ 3]         php
790a : 78               [ 2]         sei
790b : 85b6             [ 3]         sta z80_L
790d : 86b7             [ 3]         stx z80_H
790f : 84b0             [ 3]         sty SETUP
7911 : 207279           [ 6]         jsr INIT
7914 : 201979           [ 6]         jsr DOUNMUTE
7917 : 28               [ 4]         plp
7918 : 60               [ 6]         rts
7919 :                       DOUNMUTE
7919 : 08               [ 3]         php
791a : 78               [ 2]         sei
791b : a9d3             [ 2]         lda #lo(PLAY)
791d : 8506             [ 3]         sta OricUserIRQ
791f : a982             [ 2]         lda #hi(PLAY)
7921 : 8507             [ 3]         sta OricUserIRQ+1
7923 : 28               [ 4]         plp
7924 : 60               [ 6]         rts
                             
7925 :                       DOMUTE
7925 : 08               [ 3]         php
AS65 Assembler for R6502 [1.42].                                     Page    9
----------------------------------- ppt3.s -----------------------------------

7926 : 78               [ 2]         sei
7927 : a933             [ 2]         lda #lo(MUTERTS)
7929 : 8506             [ 3]         sta OricUserIRQ
792b : a979             [ 2]         lda #hi(MUTERTS)
792d : 8507             [ 3]         sta OricUserIRQ+1
792f : 206079           [ 6]         jsr MUTE
7932 : 28               [ 4]         plp
7933 :                       MUTERTS
7933 : 60               [ 6]         rts
                             
                             
7934 : 0000                  CrPsPtr	fcw 0 ; current position in PT3 module
                             
                             ;Identifier
7936 : 3d565449492050..      	    db "=VTII PT3 Player r.",Revision,"="
                             
794b :                       CHECKLP
                             	                                                
794b : a5b0             [ 3]         lda SETUP                                
794d : 0980             [ 2]         ora #%10000000                           
794f : 85b0             [ 3]         sta SETUP
7951 : a901             [ 2] 	lda #%00000001                                  
7953 : 24b0             [ 3]         bit SETUP
7955 : d001             [ 3]         bne s1                                   
7957 : 60               [ 6] 	rts
7958 : 68               [ 4] s1	pla                                           
7959 : 68               [ 4]         pla       ; dépile 2 fois puisque rts sh
795a : eee587           [ 6] 	inc DelyCnt                                     
795d : eea987           [ 6]         inc ANtSkCn                              
7960 :                       MUTE	                                            
7960 : a900             [ 2]         lda #00                                  
7962 : 85b7             [ 3]         sta z80_H                                
7964 : 85b6             [ 3] 	sta z80_L                                       
7966 : 8df387           [ 4] 	sta AYREGS+AmplA                                
7969 : 8df487           [ 4] 	sta AYREGS+AmplB                                
796c : 8df587           [ 4]         sta AYREGS+AmplC
796f : 4cc484           [ 3] 	jmp ROUT                                        
                             
7972 :                       INIT
                             
7972 : a5b6             [ 3] 	lda z80_L                                       
7974 : 8d7d7c           [ 4] 	sta MODADDR+1
7977 : 8dc07f           [ 4]         sta MDADDR2+1
797a : 85b8             [ 3]         sta z80_IX
797c : 48               [ 3]         pha
797d : a5b7             [ 3]         lda z80_H
797f : 8d837c           [ 4]         sta MODADDR+7
7982 : 8dc67f           [ 4]         sta MDADDR2+7
7985 : 85b9             [ 3]         sta z80_IX+1
7987 : 48               [ 3]         pha
7988 : a964             [ 2]         lda #lo(100)                             
798a : 85b4             [ 3]         sta z80_E
798c : a900             [ 2]         lda #00
798e : 85b5             [ 3]         sta z80_D
7990 : a8               [ 2]         tay
7991 : 18               [ 2] 	clc                                             
7992 : a5b4             [ 3]         lda z80_E
7994 : 65b6             [ 3]         adc z80_L
7996 : 85b6             [ 3]         sta z80_L
7998 : a5b7             [ 3]         lda z80_H
799a : 6900             [ 2]         adc #00
799c : 85b7             [ 3]         sta z80_H
AS65 Assembler for R6502 [1.42].                                     Page   10
----------------------------------- ppt3.s -----------------------------------

799e : b1b6             [ 5]         lda (z80_L),y                            
79a0 : 8dec83           [ 4] 	sta Delay+1                                     
79a3 : a5b4             [ 3]         lda z80_E
79a5 : 65b6             [ 3]         adc z80_L
79a7 : 85b6             [ 3]         sta z80_L
79a9 : 8d3479           [ 4]         sta CrPsPtr                              
79ac : a5b7             [ 3]         lda z80_H
79ae : 6900             [ 2]         adc #00
79b0 : 85b7             [ 3]         sta z80_H    
79b2 : 8d3579           [ 4]         sta CrPsPtr+1
79b5 : a066             [ 2] 	ldy #102               
79b7 : b1b8             [ 5]         lda (z80_IX),y
79b9 : 85b4             [ 3]         sta z80_E
79bb : 18               [ 2] 	clc                                             
79bc : 65b6             [ 3]         adc z80_L
79be : 85b6             [ 3]         sta z80_L
79c0 : a5b7             [ 3]         lda z80_H
79c2 : 6900             [ 2]         adc #00
79c4 : 85b7             [ 3]         sta z80_H       
79c6 : e6b6             [ 5] 	inc z80_L                                       
79c8 : d002             [ 3]         bne s2
79ca : e6b7             [ 5]         inc z80_H
79cc : a5b6             [ 3] s2	lda z80_L                                     
79ce : 8d2383           [ 4]         sta LPosPtr+1
79d1 : a5b7             [ 3]         lda z80_H
79d3 : 8d2783           [ 4]         sta LPosPtr+5
79d6 : 68               [ 4] 	pla                                             
79d7 : 85b5             [ 3]         sta z80_D
79d9 : 68               [ 4]         pla
79da : 85b4             [ 3]         sta z80_E
79dc : a067             [ 2] 	ldy #103               
79de : b1b8             [ 5]         lda (z80_IX),y
79e0 : 18               [ 2] 	clc                                             
79e1 : 65b4             [ 3]         adc z80_E
79e3 : 8d4a83           [ 4]         sta PatsPtr+1   
79e6 : a068             [ 2]         ldy #104                  
79e8 : b1b8             [ 5]         lda (z80_IX),y
79ea : 65b5             [ 3]         adc z80_D
79ec : 8d5183           [ 4]         sta PatsPtr+8
79ef : a9a9             [ 2]         lda #lo(169)                             
79f1 : 18               [ 2]         clc                                      
79f2 : 65b4             [ 3]         adc z80_E
79f4 : 8daf7f           [ 4]         sta OrnPtrs+1   
79f7 : a900             [ 2]         lda #00
79f9 : 65b5             [ 3]         adc z80_D
79fb : 8db67f           [ 4]         sta OrnPtrs+8
79fe : a969             [ 2]         lda #lo(105)                             
7a00 : 18               [ 2]         clc                                      
7a01 : 65b4             [ 3]         adc z80_E
7a03 : 8d6c7c           [ 4]         sta SamPtrs+1
7a06 : a900             [ 2]         lda #00
                                     ;INIT zeroes from VARS to VAR0END-1 (area
7a08 : a06c             [ 2]         ldy #(VAR0END-VARS-1)
7a0a :                       LOOP_LDIR 
7a0a : 998e87           [ 5]         sta VARS,y
7a0d : 88               [ 2]         dey         ; (carry not modified)
7a0e : 10fa             [ 3]         bpl LOOP_LDIR
                                     ; A = #00  
7a10 : 65b5             [ 3]         adc z80_D
7a12 : 8d737c           [ 4]         sta SamPtrs+8                            
7a15 : a5b0             [ 3]         lda SETUP                                
7a17 : 297f             [ 2]         and #%01111111
AS65 Assembler for R6502 [1.42].                                     Page   11
----------------------------------- ppt3.s -----------------------------------

7a19 : 85b0             [ 3]         sta SETUP
                                     
7a1b : a92c             [ 2] 	lda #lo(T1_)
7a1d : 85b4             [ 3]         sta z80_E
7a1f : a987             [ 2]         lda #hi(T1_)
7a21 : 85b5             [ 3]         sta z80_D
7a23 : a901             [ 2]         lda #$01                                 
7a25 : 8de587           [ 4] 	sta DelyCnt                                     
7a28 : 8da987           [ 4]         sta ANtSkCn
7a2b : 8dc687           [ 4]         sta BNtSkCn
7a2e : 8de387           [ 4]         sta CNtSkCn
7a31 : a9f0             [ 2]         lda #$F0
7a33 : 8daa87           [ 4] 	sta AVolume                                     
7a36 : 8dc787           [ 4] 	sta BVolume                                     
7a39 : 8de487           [ 4] 	sta CVolume                                     
7a3c : a928             [ 2]         lda #lo(EMPTYSAMORN)                     
7a3e : 85b6             [ 3]         sta z80_L
7a40 : 8df182           [ 4]         sta AdInPtA+1
7a43 : 8d9b87           [ 4]         sta AOrnPtr
7a46 : 8db887           [ 4]         sta BOrnPtr
7a49 : 8dd587           [ 4]         sta COrnPtr
7a4c : 8d9d87           [ 4]         sta ASamPtr
7a4f : 8dba87           [ 4]         sta BSamPtr
7a52 : 8dd787           [ 4]         sta CSamPtr
7a55 : a987             [ 2]         lda #hi(EMPTYSAMORN)
7a57 : 85b7             [ 3]         sta z80_H
7a59 : 8df582           [ 4] 	sta AdInPtA+5                                   
7a5c : 8d9c87           [ 4] 	sta AOrnPtr+1                                   
7a5f : 8db987           [ 4] 	sta BOrnPtr+1                                   
7a62 : 8dd687           [ 4] 	sta COrnPtr+1                                   
7a65 : 8d9e87           [ 4] 	sta ASamPtr+1                                   
7a68 : 8dbb87           [ 4] 	sta BSamPtr+1                                   
7a6b : 8dd887           [ 4] 	sta CSamPtr+1                                   
                             	    			                                         
                                     
7a6e : a00d             [ 2] 	ldy #13                    
7a70 : b1b8             [ 5]         lda (z80_IX),y
7a72 : 38               [ 2]         sec                                      
7a73 : e930             [ 2]         sbc #$30        ; ascii value - 30 = vers
7a75 : 9004             [ 3] 	bcc L20         ; inverse (pour SUB aussi)      
7a77 : c90a             [ 2] 	cmp #10                                         
7a79 : 9002             [ 3] 	bcc L21         ; < 10                          
7a7b :                       L20	    
7a7b : a906             [ 2]         lda #6          ; version par defaut si i
7a7d :                       L21	    
7a7d : 8d247e           [ 4]         sta Version+1                            
7a80 : 48               [ 3] 	pha             ; save version nb
7a81 : c904             [ 2]         cmp #4          ; version 4 ?            
7a83 : 9003             [ 3]         bcc s7b         ; < 4 (inverse carry)
7a85 : 18               [ 2]         clc
7a86 : 9001             [ 3]         bcc s8b         ; always
7a88 : 38               [ 2] s7b     sec
7a89 : a063             [ 2] s8b     ldy #99                 
7a8b : b1b8             [ 5]         lda (z80_IX),y  
7a8d : 2a               [ 2]         rol a           ; carry !                
7a8e : 2907             [ 2] 	and #7          ; clear all bit except 0-1-2    
7a90 : aa               [ 2]         tax             ; save A
                             ;NoteTableCreator (c) Ivan Roshin
                             ;A - NoteTableNumber*2+VersionForNoteTable
                             ;(xx1b - 3.xx..3.4r, xx0b - 3.4x..3.6x..VTII1.0)
                             
7a91 : a9d8             [ 2]      	lda #lo(NT_DATA)											    
AS65 Assembler for R6502 [1.42].                                     Page   12
----------------------------------- ppt3.s -----------------------------------

7a93 : 85b6             [ 3]      	sta z80_L
7a95 : a986             [ 2]      	lda #hi(NT_DATA)
7a97 : 85b7             [ 3]      	sta z80_H
7a99 : a5b4             [ 3]      	lda z80_E													
7a9b : 85b2             [ 3]      	sta z80_C
7a9d : a5b5             [ 3]      	lda z80_D
7a9f : 85b3             [ 3]      	sta z80_B
7aa1 : a900             [ 2]      	lda #00
7aa3 : a8               [ 2]         tay           ; ldy #00	        
7aa4 : 85b5             [ 3]      	sta z80_D
7aa6 : 8a               [ 2]      	txa           ; restore A									
7aa7 : 0a               [ 2]      	asl a															
7aa8 : 85b4             [ 3]      	sta z80_E													
7aaa : 18               [ 2]      	clc                                        
7aab : 65b6             [ 3]         adc z80_L
7aad : 85b6             [ 3]         sta z80_L
7aaf : a5b5             [ 3]         lda z80_D
7ab1 : 65b7             [ 3]         adc z80_H
7ab3 : 85b7             [ 3]         sta z80_H													
7ab5 : b1b6             [ 5]      	lda (z80_L),y												
7ab7 : 85b4             [ 3]      	sta z80_E
7ab9 : e6b6             [ 5]      	inc z80_L                                  
7abb : d002             [ 3]         bne s9b
7abd : e6b7             [ 5]         inc z80_H
7abf :                       s9b 
7abf : 46b4             [ 5] 	lsr z80_E											    				     				
7ac1 : b004             [ 3] 	bcs sb		; si c = 0 => $EA (NOP) / si c = 1 => $1
7ac3 : a9ea             [ 2] sa  	lda #$EA 	; -> $EA (NOP)
7ac5 : d002             [ 3]         bne sb1		; always	
7ac7 : a918             [ 2] sb	lda #$18	; -> $18 (clc) 									
7ac9 : 8d3b7b           [ 4] sb1	sta L3		            									
7acc : a5b4             [ 3] 	lda z80_E													
7ace : a6b6             [ 3] 	ldx z80_L
7ad0 : 85b6             [ 3] 	sta z80_L
7ad2 : 86b4             [ 3] 	stx z80_E
7ad4 : a5b5             [ 3] 	lda z80_D
7ad6 : a6b7             [ 3] 	ldx z80_H
7ad8 : 85b7             [ 3] 	sta z80_H
7ada : 86b5             [ 3] 	stx z80_D
7adc : 18               [ 2] 	clc                                             
7add : a5b2             [ 3]     	lda z80_C
7adf : 65b6             [ 3]     	adc z80_L
7ae1 : 85b6             [ 3]     	sta z80_L
7ae3 : a5b3             [ 3]     	lda z80_B
7ae5 : 65b7             [ 3]     	adc z80_H
7ae7 : 85b7             [ 3]     	sta z80_H
                             
7ae9 : b1b4             [ 5] 	lda (z80_E),y												
7aeb : 18               [ 2] 	clc                                             
7aec : 69e8             [ 2]         adc #lo(T_)
7aee : 85b2             [ 3] 	sta z80_C
7af0 : 48               [ 3]         pha                                      
7af1 : 6986             [ 2]         adc #hi(T_)                              
7af3 : 38               [ 2] 	sec                                             
7af4 : e5b2             [ 3]         sbc z80_C
7af6 : 85b3             [ 3]         sta z80_B                                
7af8 : 48               [ 3] 	pha
                             
7af9 : a9eb             [ 2] 	lda #lo(NT_)											
7afb : 85b4             [ 3] 	sta z80_E
7afd : 48               [ 3] 	pha															
7afe : a988             [ 2] 	lda #hi(NT_)
AS65 Assembler for R6502 [1.42].                                     Page   13
----------------------------------- ppt3.s -----------------------------------

7b00 : 85b5             [ 3] 	sta z80_D
7b02 : 48               [ 3] 	pha
7b03 : a90c             [ 2] 	lda #12														
7b05 : 85b3             [ 3] 	sta z80_B
7b07 :                       L1	    
7b07 : a5b2             [ 3]         lda z80_C													
7b09 : 48               [ 3] 	pha
7b0a : a5b3             [ 3] 	lda z80_B
7b0c : 48               [ 3] 	pha
7b0d : b1b6             [ 5] 	lda (z80_L),y												
7b0f : 85b2             [ 3] 	sta z80_C
7b11 : e6b6             [ 5] 	inc z80_L                                       
7b13 : d002             [ 3]         bne sc
7b15 : e6b7             [ 5]         inc z80_H
7b17 :                       sc     
7b17 : a5b6             [ 3] 	lda z80_L												    
7b19 : 48               [ 3] 	pha
7b1a : a5b7             [ 3] 	lda z80_H
7b1c : 48               [ 3] 	pha
7b1d : b1b6             [ 5] 	lda (z80_L),y												
7b1f : 85b3             [ 3] 	sta z80_B
                             
7b21 : a5b4             [ 3] 	lda z80_E       												
7b23 : 85b6             [ 3] 	sta z80_L
7b25 : 48               [ 3]         pha
7b26 : a5b5             [ 3] 	lda z80_D
7b28 : 85b7             [ 3] 	sta z80_H
7b2a : 48               [ 3]         pha
7b2b : a917             [ 2] 	lda #lo(23)		    										
7b2d : 85b4             [ 3] 	sta z80_E
7b2f : a900             [ 2] 	lda #hi(23)
7b31 : 85b5             [ 3] 	sta z80_D
7b33 : a908             [ 2] 	lda #8														
7b35 : 85b9             [ 3] 	sta z80_IX+1
                                     
7b37 :                       L2	    
7b37 : 46b3             [ 5]         lsr z80_B													
7b39 : 66b2             [ 5] 	ror z80_C													
7b3b :                       L3	    
7b3b : ac                    	fcb $AC			; clc ($18) or NOP ($EA)
7b3c : a5b2             [ 3] 	lda z80_C													
7b3e : 6900             [ 2] 	adc #00  		    								    	
7b40 : 91b6             [ 5] 	sta (z80_L),y												
7b42 : e6b6             [ 5] 	inc z80_L                                       
7b44 : d002             [ 3]         bne sd
7b46 : e6b7             [ 5]         inc z80_H
7b48 :                       sd      
7b48 : a5b3             [ 3]         lda z80_B													
7b4a : 6900             [ 2] 	adc #00 													
7b4c : 91b6             [ 5] 	sta (z80_L),y												
7b4e : 18               [ 2] 	clc                                             
7b4f : a5b4             [ 3]         lda z80_E
7b51 : 65b6             [ 3]         adc z80_L
7b53 : 85b6             [ 3]         sta z80_L
7b55 : a5b5             [ 3]         lda z80_D
7b57 : 65b7             [ 3]         adc z80_H
7b59 : 85b7             [ 3]         sta z80_H
7b5b : c6b9             [ 5] 	dec z80_IX+1											    
7b5d : d0d8             [ 3] 	bne L2														
                             
7b5f : 68               [ 4] 	pla															
7b60 : 85b5             [ 3] 	sta z80_D
AS65 Assembler for R6502 [1.42].                                     Page   14
----------------------------------- ppt3.s -----------------------------------

7b62 : 68               [ 4] 	pla         
7b63 : 6902             [ 2]         adc #02     
7b65 : 85b4             [ 3]         sta z80_E   
7b67 : 9002             [ 3]         bcc sf      
7b69 : e6b5             [ 5]         inc z80_D 
                             
7b6b :                       sf     
7b6b : 68               [ 4] 	pla												    	    
7b6c : 85b7             [ 3] 	sta z80_H
7b6e : 68               [ 4] 	pla
7b6f : 85b6             [ 3] 	sta z80_L
7b71 : e6b6             [ 5] 	inc z80_L                                       
7b73 : d002             [ 3]         bne sg
7b75 : e6b7             [ 5]         inc z80_H
7b77 :                       sg     
7b77 : 68               [ 4] 	pla												    	    
7b78 : 85b3             [ 3] 	sta z80_B
7b7a : 68               [ 4] 	pla
7b7b : 85b2             [ 3] 	sta z80_C
7b7d : c6b3             [ 5] 	dec z80_B													
7b7f : f003             [ 3] 	beq sg1
7b81 : 4c077b           [ 3]         jmp L1
7b84 :                       sg1        
7b84 : 68               [ 4] 	pla															
7b85 : 85b7             [ 3] 	sta z80_H
7b87 : 68               [ 4] 	pla
7b88 : 85b6             [ 3] 	sta z80_L
7b8a : 68               [ 4] 	pla															
7b8b : 85b5             [ 3] 	sta z80_D
7b8d : 68               [ 4] 	pla
7b8e : 85b4             [ 3] 	sta z80_E
                                     								
7b90 : c9f4             [ 2] 	cmp #lo(TCOLD_1)		        								
7b92 : d005             [ 3]         bne CORR_1													
7b94 : a9fd             [ 2] 	lda #$FD													
7b96 : 8d1989           [ 4] 	sta NT_+$2E									 				
                             
7b99 :                       CORR_1	
7b99 : 18               [ 2]         clc                                      
7b9a : b1b4             [ 5]         lda (z80_E),y																										
7b9c : f037             [ 3] 	beq TC_EXIT													
7b9e : 6a               [ 2] 	ror a															
7b9f : 08               [ 3] 	php			    ; save carry														
7ba0 : 0a               [ 2] 	asl a															
7ba1 : 85b2             [ 3] 	sta z80_C													
7ba3 : 18               [ 2] 	clc                                             
7ba4 : 65b6             [ 3]         adc z80_L
7ba6 : 85b6             [ 3]         sta z80_L
7ba8 : a5b3             [ 3]         lda z80_B
7baa : 65b7             [ 3]         adc z80_H
7bac : 85b7             [ 3]         sta z80_H                                
7bae : 28               [ 4] 	plp             ; restore carry (du ror)	       
7baf : 9007             [ 3] 	bcc CORR_2                                      
7bb1 : b1b6             [ 5] 	lda (z80_L),y												
7bb3 : 38               [ 2] 	sec															
7bb4 : e902             [ 2] 	sbc #$02
7bb6 : 91b6             [ 5] 	sta (z80_L),y
                             	
7bb8 :                       CORR_2	
7bb8 : b1b6             [ 5]         lda (z80_L),y												
7bba : 18               [ 2] 	clc			
7bbb : 6901             [ 2] 	adc #$01
AS65 Assembler for R6502 [1.42].                                     Page   15
----------------------------------- ppt3.s -----------------------------------

7bbd : 91b6             [ 5] 	sta (z80_L),y
7bbf : 38               [ 2]         sec   		                                 
7bc0 : a5b6             [ 3] 	lda z80_L                                       
7bc2 : e5b2             [ 3] 	sbc z80_C
7bc4 : 85b6             [ 3] 	sta z80_L
7bc6 : a5b7             [ 3] 	lda z80_H
7bc8 : e5b3             [ 3] 	sbc z80_B
7bca : 85b7             [ 3] 	sta z80_H
7bcc : e6b4             [ 5] 	inc z80_E                                       
7bce : d002             [ 3]         bne sh
7bd0 : e6b5             [ 5]         inc z80_D
7bd2 :                       sh     
7bd2 : 4c997b           [ 3] 	jmp CORR_1												    
                             
7bd5 :                       TC_EXIT
7bd5 : 68               [ 4] 	pla			; restore version number						
                             
                             ;VolTableCreator (c) Ivan Roshin
                             ;A - VersionForVolumeTable (0..4 - 3.xx..3.4x;
                             ;5.. - 3.5x..3.6x..VTII1.0)
                             
7bd6 : c905             [ 2] 	cmp #5		; version 										
7bd8 : a911             [ 2] 	lda #lo($11)                                    
7bda : 85b6             [ 3] 	sta z80_L
7bdc : a900             [ 2]         lda #hi($11)													
7bde : 85b7             [ 3] 	sta z80_H													
7be0 : 85b5             [ 3] 	sta z80_D                                       
7be2 : 85b4             [ 3] 	sta z80_E													
7be4 : a92a             [ 2] 	lda #$2A	; ($2A = rol A)								    
7be6 : b008             [ 3] 	bcs M1		; CP -> carry inverse (CP 5)					
7be8 : c6b6             [ 5] 	dec z80_L													
7bea : a5b6             [ 3] 	lda z80_L													
7bec : 85b4             [ 3] 	sta z80_E
7bee : a9ea             [ 2] 	lda #$EA	; ($EA = NOP)			    					
7bf0 :                       M1          
7bf0 : 8d177c           [ 4]         sta M2														
7bf3 : a9fb             [ 2] 	lda #lo(VT_+16)												
7bf5 : 85b8             [ 3] 	sta z80_IX
7bf7 : a987             [ 2] 	lda #hi(VT_+16)
7bf9 : 85b9             [ 3] 	sta z80_IX+1
7bfb : a910             [ 2] 	lda #$10													
7bfd : 85b2             [ 3] 	sta z80_C
                             
7bff :                       INITV2  
7bff : 18               [ 2]         clc
7c00 : a5b6             [ 3]         lda z80_L													
7c02 : 48               [ 3] 	pha
7c03 : 65b4             [ 3]         adc z80_E
7c05 : 85b4             [ 3]         sta z80_E
7c07 : a5b7             [ 3] 	lda z80_H
7c09 : 48               [ 3] 	pha
7c0a : 65b5             [ 3]         adc z80_D
7c0c : 85b5             [ 3]         sta z80_D
                             	    
7c0e : a900             [ 2]         lda #00														
7c10 : 85b6             [ 3] 	sta z80_L
7c12 : 85b7             [ 3] 	sta z80_H
7c14 : 18               [ 2]         clc
7c15 :                       INITV1  
7c15 : a5b6             [ 3]         lda z80_L													
7c17 :                       M2          
7c17 : ac                            fcb $AC	    ; $EA (nop) ou $2A (rol)
AS65 Assembler for R6502 [1.42].                                     Page   16
----------------------------------- ppt3.s -----------------------------------

7c18 : a5b7             [ 3] 	lda z80_H													
7c1a : 6900             [ 2] 	adc #00			; + carry                             
7c1c : 91b8             [ 5] 	sta (z80_IX),y												
7c1e : e6b8             [ 5] 	inc z80_IX                                      
7c20 : d002             [ 3]         bne si
7c22 : e6b9             [ 5]         inc z80_IX+1
7c24 :                       si     
7c24 : 18               [ 2] 	clc                                             
7c25 : a5b4             [ 3]         lda z80_E
7c27 : 65b6             [ 3]         adc z80_L
7c29 : 85b6             [ 3]         sta z80_L
7c2b : a5b5             [ 3]         lda z80_D
7c2d : 65b7             [ 3]         adc z80_H
7c2f : 85b7             [ 3]         sta z80_H
7c31 : e6b2             [ 5] 	inc z80_C												    
7c33 : a5b2             [ 3] 	lda z80_C													
7c35 : 290f             [ 2] 	and #15														
7c37 : 18               [ 2]         clc         ; carry cleared by and
7c38 : d0db             [ 3] 	bne INITV1													
                             
7c3a : 68               [ 4] 	pla															
7c3b : 85b7             [ 3] 	sta z80_H
7c3d : 68               [ 4] 	pla
7c3e : 85b6             [ 3] 	sta z80_L
7c40 : a5b4             [ 3] 	lda z80_E													
7c42 : c977             [ 2] 	cmp #$77													
7c44 : d002             [ 3] 	bne M3														
7c46 : e6b4             [ 5] 	inc z80_E													
7c48 :                       M3      
7c48 : 18               [ 2]         clc                                      
7c49 : a5b2             [ 3]         lda z80_C																								
7c4b : d0b2             [ 4] 	bne	INITV2													
                             
7c4d : 4cc484           [ 3] 	jmp ROUT													
                             ; ===============================================
                             ; Pattern Decoder
7c50 :                       PD_OrSm	
7c50 : a014             [ 2]         ldy #Env_En     										    
7c52 : a900             [ 2] 	lda #00
7c54 : 91b8             [ 5] 	sta (z80_IX),y
7c56 : 20a17f           [ 6] 	jsr SETORN													
7c59 : a000             [ 2] 	ldy #00					; lda ($AC,x)									
7c5b : b1b2             [ 5] 	lda (z80_C),y
7c5d : e6b2             [ 5] 	inc z80_C                                       
7c5f : d002             [ 3]         bne sj
7c61 : e6b3             [ 5]         inc z80_B
7c63 :                       sj     
7c63 : 4a               [ 2] 	lsr a 													    
7c64 : 9002             [ 3]         bcc sj1
7c66 : 0980             [ 2]         ora #$80
7c68 :                       sj1     
7c68 :                       PD_SAM	
7c68 : 0a               [ 2]         asl a 											    		
7c69 :                       PD_SAM_	
7c69 : 85b4             [ 3]         sta z80_E													
7c6b :                       SamPtrs		
7c6b : a9ac             [ 2] 	lda #$AC				
7c6d : 18               [ 2]         clc
7c6e : 65b4             [ 3]         adc z80_E
7c70 : 85b6             [ 3] 	sta z80_L
7c72 : a9ac             [ 2] 	lda #$AC
7c74 : 6900             [ 2]         adc #00
AS65 Assembler for R6502 [1.42].                                     Page   17
----------------------------------- ppt3.s -----------------------------------

7c76 : 85b7             [ 3] 	sta z80_H
                             
7c78 : a000             [ 2]         ldy #00
7c7a : b1b6             [ 5] 	lda (z80_L),y
7c7c :                       MODADDR		
7c7c : 69ac             [ 2] 	adc #$AC												
7c7e : aa               [ 2] 	tax             ; save
7c7f : c8               [ 2] 	iny                                             
7c80 : b1b6             [ 5] 	lda (z80_L),y
7c82 : 69ac             [ 2]         adc #$AC								    			
                             
7c84 : a010             [ 2] 	ldy #SamPtr+1         										
7c86 : 91b8             [ 5] 	sta (z80_IX),y
7c88 : 88               [ 2] 	dey															
7c89 : 8a               [ 2] 	txa         
7c8a : 91b8             [ 5] 	sta (z80_IX),y
7c8c : 4c017d           [ 3] 	jmp PD_LOOP													
                             
7c8f :                       PD_VOL	
7c8f : 0a               [ 2]         asl a															
7c90 : 6900             [ 2]         adc #00
7c92 : 0a               [ 2] 	asl a															
7c93 : 6900             [ 2]         adc #00
7c95 : 0a               [ 2] 	asl a															
7c96 : 6900             [ 2]         adc #00
7c98 : 0a               [ 2] 	asl a															
7c99 : 6900             [ 2]         adc #00
7c9b : a01c             [ 2] 	ldy #Volume         										
7c9d : 91b8             [ 5] 	sta (z80_IX),y
7c9f : 4c057d           [ 3]         jmp PD_LP2													
                             	
7ca2 :                       PD_EOff	
7ca2 : a014             [ 2]         ldy #Env_En		    	        							
7ca4 : 91b8             [ 5] 	sta (z80_IX),y
7ca6 : a000             [ 2] 	ldy #PsInOr   			    					    		
7ca8 : 91b8             [ 5] 	sta (z80_IX),y
7caa : 4c057d           [ 3] 	jmp PD_LP2													
                             
7cad :                       PD_SorE	
7cad : 38               [ 2]         sec															
7cae : e901             [ 2] 	sbc #01
7cb0 : 85b1             [ 3]         sta z80_A
7cb2 : d011             [ 3] 	bne PD_ENV													
7cb4 : a000             [ 2] 	ldy #00			        ; lda ($AC,x)												
7cb6 : b1b2             [ 5] 	lda (z80_C),y
7cb8 : e6b2             [ 5] 	inc z80_C                                       
7cba : d002             [ 3]         bne sl
7cbc : e6b3             [ 5]         inc z80_B
7cbe :                       sl     
7cbe : a011             [ 2] 	ldy #NNtSkp    		        								
7cc0 : 91b8             [ 5] 	sta (z80_IX),y
7cc2 : 4c057d           [ 3]         jmp PD_LP2													
                             
7cc5 :                       PD_ENV	
7cc5 : 20647f           [ 6]         jsr SETENV													
7cc8 : 4c057d           [ 3] 	jmp PD_LP2													
                             
7ccb :                       PD_ORN	
7ccb : 20a17f           [ 6]         jsr SETORN													
7cce : 4c017d           [ 3] 	jmp PD_LOOP													
                             
7cd1 :                       PD_ESAM	
AS65 Assembler for R6502 [1.42].                                     Page   18
----------------------------------- ppt3.s -----------------------------------

7cd1 : a014             [ 2]         ldy #Env_En	             									
7cd3 : 91b8             [ 5] 	sta (z80_IX),y
7cd5 : a000             [ 2] 	ldy #PsInOr	    		        							
7cd7 : 91b8             [ 5] 	sta (z80_IX),y
7cd9 : a5b1             [ 3] 	lda z80_A           
7cdb : f003             [ 3]         beq sm														
7cdd : 20647f           [ 6] 	jsr SETENV
7ce0 : a000             [ 2] sm	ldy #00			    ; lda ($AC,x)												
7ce2 : b1b2             [ 5] 	lda (z80_C),y
7ce4 : e6b2             [ 5] 	inc z80_C                                       
7ce6 : d002             [ 3]         bne sn
7ce8 : e6b3             [ 5]         inc z80_B
7cea :                       sn     
7cea : 4c697c           [ 3]         jmp PD_SAM_								     			    
                             
7ced :                       PTDECOD 
7ced : a012             [ 2]         ldy #Note   							    				
7cef : b1b8             [ 5] 	lda (z80_IX),y
7cf1 : 8de67d           [ 4] 	sta PrNote+1												
7cf4 : a006             [ 2] 	ldy #CrTnSl    		    						    		
7cf6 : b1b8             [ 5] 	lda (z80_IX),y                                  
7cf8 : 8d2c7e           [ 4] 	sta PrSlide+1												
7cfb : c8               [ 2]         iny 
7cfc : b1b8             [ 5] 	lda (z80_IX),y											
7cfe : 8d337e           [ 4] 	sta PrSlide+8
                             
7d01 :                       PD_LOOP	
7d01 : a910             [ 2]         lda #$10													
7d03 : 85b4             [ 3] 	sta z80_E
                             	
7d05 :                       PD_LP2	
7d05 : a000             [ 2]         ldy #00			    ; lda ($AC,x)												
7d07 : b1b2             [ 5] 	lda (z80_C),y
7d09 : e6b2             [ 5] 	inc z80_C                                       
7d0b : d002             [ 3]         bne so
7d0d : e6b3             [ 5]         inc z80_B
7d0f :                       so
7d0f : 18               [ 2] 	clc															
7d10 : 6910             [ 2] 	adc #$10
7d12 : 9005             [ 3] 	bcc so1
7d14 : 85b1             [ 3]         sta z80_A            
7d16 : 4c507c           [ 3]         jmp PD_OrSm
7d19 : 6920             [ 2] so1     adc #$20                                 
7d1b : d003             [ 3] 	bne so11													
7d1d : 4c987d           [ 3]         jmp PD_FIN
7d20 : 9003             [ 3] so11	bcc so2													    
7d22 : 4c687c           [ 3]         jmp PD_SAM
7d25 : 6910             [ 2] so2	adc #$10                                     
7d27 : f04b             [ 3] 	beq PD_REL													
7d29 : 9003             [ 3] 	bcc so3 													
7d2b : 4c8f7c           [ 3]         jmp PD_VOL
7d2e : 6910             [ 2] so3	adc #$10                                     
7d30 : d003             [ 3] 	bne so4										    			
7d32 : 4ca27c           [ 3]         jmp PD_EOff
7d35 : 9003             [ 3] so4	bcc	so5												    	
7d37 : 4cad7c           [ 3] 	jmp PD_SorE
7d3a : 6960             [ 2] so5     adc #96                                  
7d3c : b041             [ 3] 	bcs PD_NOTE													
7d3e : 6910             [ 2] 	adc #$10                                        
7d40 : 9005             [ 3] 	bcc so6
7d42 : 85b1             [ 3]         sta z80_A												    	
7d44 : 4ccb7c           [ 3]         jmp PD_ORN													
AS65 Assembler for R6502 [1.42].                                     Page   19
----------------------------------- ppt3.s -----------------------------------

7d47 : 6920             [ 2] so6	adc #$20                                     
7d49 : b023             [ 3] 	bcs PD_NOIS													 														
7d4b : 6910             [ 2] 	adc #$10                                        
7d4d : 9005             [ 3]         bcc so7
7d4f : 85b1             [ 3]         sta z80_A												    	
7d51 : 4cd17c           [ 3]         jmp PD_ESAM
7d54 : 0a               [ 2] so7	asl a															
7d55 : 85b4             [ 3] 	sta z80_E
7d57 : 18               [ 2]         clc                                      
7d58 : 69f0             [ 2]         adc #lo(SPCCOMS+$FF20)							        
7d5a : 85b6             [ 3]         sta z80_L
7d5c : a97e             [ 2] 	lda #hi(SPCCOMS+$FF20)
7d5e : 6900             [ 2]         adc #00
7d60 : 85b7             [ 3] 	sta z80_H
                                     ; on doit inverser le PUSH car l'adresse 
7d62 : a001             [ 2]         ldy #01	
7d64 : b1b6             [ 5] 	lda (z80_L),y												
7d66 : 48               [ 3] 	pha             ; push D
7d67 : 88               [ 2] 	dey                                             
7d68 : b1b6             [ 5] 	lda (z80_L),y										        
7d6a : 48               [ 3] 	pha             ; push E
7d6b : 4c017d           [ 3] 	jmp PD_LOOP													
                             
7d6e :                       PD_NOIS									
7d6e : 8de987           [ 4]         sta Ns_Base                              
7d71 : 4c057d           [ 3] 	jmp PD_LP2													
                             
7d74 :                       PD_REL	
7d74 : a015             [ 2]         ldy #Flags   								    			
7d76 : b1b8             [ 5] 	lda (z80_IX),y
7d78 : 29fe             [ 2] 	and #%11111110
7d7a : 91b8             [ 5] 	sta (z80_IX),y
7d7c : 4c8b7d           [ 3] 	jmp PD_RES													
                             	
7d7f :                       PD_NOTE	
7d7f : a012             [ 2]         ldy #Note    	 				    						
7d81 : 91b8             [ 5] 	sta (z80_IX),y	
7d83 : a015             [ 2] 	ldy #Flags      											
7d85 : b1b8             [ 5] 	lda (z80_IX),y
7d87 : 0901             [ 2] 	ora #%00000001
7d89 : 91b8             [ 5] 	sta (z80_IX),y
                             	    													
7d8b :                       PD_RES												
7d8b : a900             [ 2]         lda #00	
7d8d : 85b6             [ 3]         sta z80_L
7d8f : 85b7             [ 3] 	sta z80_H
7d91 : a00b             [ 2] 	ldy #11
7d93 :                       bres
7d93 : 91b8             [ 5] 	sta (z80_IX),y          
7d95 : 88               [ 2] 	dey
7d96 : 10fb             [ 3]         bpl bres
7d98 :                       PD_FIN	
7d98 : a011             [ 2] 	ldy #NNtSkp     						    				
7d9a : b1b8             [ 5] 	lda (z80_IX),y
7d9c : a01b             [ 2] 	ldy #NtSkCn     		    								
7d9e : 91b8             [ 5] 	sta (z80_IX),y
7da0 : 60               [ 6] 	rts 														
                             
7da1 :                       C_PORTM
7da1 : a015             [ 2] 	ldy #Flags  												
7da3 : b1b8             [ 5] 	lda (z80_IX),y
7da5 : 29fb             [ 2] 	and #%11111011
AS65 Assembler for R6502 [1.42].                                     Page   20
----------------------------------- ppt3.s -----------------------------------

7da7 : 91b8             [ 5] 	sta (z80_IX),y
7da9 : a000             [ 2] 	ldy #00			    ; lda ($AC,x)												
7dab : b1b2             [ 5] 	lda (z80_C),y
7dad : a016             [ 2]         ldy #TnSlDl     				    			    		
7daf : 91b8             [ 5] 	sta (z80_IX),y
7db1 : a005             [ 2]         ldy #TSlCnt	        			    						
7db3 : 91b8             [ 5] 	sta (z80_IX),y
                             
7db5 : 18               [ 2]         clc
7db6 : a5b2             [ 3]         lda z80_C
7db8 : 6903             [ 2]         adc #03
7dba : 85b2             [ 3]         sta z80_C
7dbc : 9002             [ 3]         bcc st
7dbe : e6b3             [ 5]         inc z80_B
7dc0 :                       st     
7dc0 : a9eb             [ 2] 	lda #lo(NT_)			; OPT										
7dc2 : 85b4             [ 3] 	sta z80_E
7dc4 : a988             [ 2] 	lda #hi(NT_)           ; OPT
7dc6 : 85b5             [ 3] 	sta z80_D
7dc8 : a012             [ 2] 	ldy #Note	        										
7dca : b1b8             [ 5] 	lda (z80_IX),y
7dcc : a013             [ 2] 	ldy #SlToNt         										
7dce : 91b8             [ 5] 	sta (z80_IX),y
7dd0 : 0a               [ 2] 	asl a																																											
7dd1 : 18               [ 2] 	clc                                             
7dd2 : 65b4             [ 3]         adc z80_E           ; OPT
7dd4 : 85b6             [ 3]         sta z80_L
7dd6 : a5b5             [ 3]         lda z80_D           ; OPT
7dd8 : 6900             [ 2]         adc #00           
7dda : 85b7             [ 3]         sta z80_H
7ddc : a000             [ 2]         ldy #00	
7dde : b1b6             [ 5] 	lda (z80_L),y 												
7de0 : 48               [ 3] 	pha	
7de1 : c8               [ 2] 	iny                                             
7de2 : b1b6             [ 5] 	lda (z80_L),y 												
7de4 : 48               [ 3] 	pha
7de5 :                       PrNote	
7de5 : a93e             [ 2]         lda #$3E													
7de7 : a012             [ 2] 	ldy #Note   					    						
7de9 : 91b8             [ 5] 	sta (z80_IX),y
7deb : 0a               [ 2] 	asl a																																			
7dec : 18               [ 2] 	clc                                             
7ded : 65b4             [ 3]         adc z80_E           ; OPT
7def : 85b6             [ 3]         sta z80_L
7df1 : a5b5             [ 3]         lda z80_D           ; OPT
7df3 : 6900             [ 2]         adc #00
7df5 : 85b7             [ 3]         sta z80_H
7df7 : a000             [ 2] 	ldy #00
7df9 : b1b6             [ 5]         lda (z80_L),y												
7dfb : 85b4             [ 3] 	sta z80_E
7dfd : c8               [ 2] 	iny                                             
7dfe : b1b6             [ 5] 	lda (z80_L),y											    
7e00 : 85b5             [ 3] 	sta z80_D
7e02 : a019             [ 2] 	ldy #TnDelt 
7e04 : 68               [ 4]         pla															
7e05 : 85b7             [ 3] 	sta z80_H
7e07 : 68               [ 4] 	pla       
7e08 : 38               [ 2] 	sec                                             
7e09 : e5b4             [ 3]         sbc z80_E
7e0b : 85b6             [ 3]         sta z80_L
7e0d : 91b8             [ 5]         sta (z80_IX),y
7e0f : a5b7             [ 3]         lda z80_H
AS65 Assembler for R6502 [1.42].                                     Page   21
----------------------------------- ppt3.s -----------------------------------

7e11 : e5b5             [ 3]         sbc z80_D
7e13 : 85b7             [ 3]         sta z80_H 
7e15 : c8               [ 2]         iny                                      
7e16 : 91b8             [ 5]         sta (z80_IX),y
7e18 : a006             [ 2] 	ldy #CrTnSl                                     
7e1a : b1b8             [ 5]         lda (z80_IX),y
7e1c : 85b4             [ 3]         sta z80_E
7e1e : c8               [ 2] 	iny                                             
7e1f : b1b8             [ 5]         lda (z80_IX),y
7e21 : 85b5             [ 3]         sta z80_D
7e23 :                       Version
7e23 : a93e             [ 2] 	lda #$3E                                        
7e25 : c906             [ 2] 	cmp #6                                          
7e27 : 900f             [ 3] 	bcc OLDPRTM     ; < 6
7e29 : a006             [ 2]         ldy #CrTnSl                              
7e2b :                       PrSlide	
7e2b : a9ac             [ 2]         lda #$AC                                 
7e2d : 85b4             [ 3]         sta z80_E
7e2f : 91b8             [ 5]         sta (z80_IX),y
7e31 : c8               [ 2]         iny
7e32 : a9ac             [ 2]         lda #$AC
7e34 : 85b5             [ 3]         sta z80_D
7e36 : 91b8             [ 5]         sta (z80_IX),y
                             	                                                
7e38 :                       OLDPRTM	
7e38 : a000             [ 2]         ldy #00                                  
7e3a : b1b2             [ 5]         lda (z80_C),y
7e3c : c8               [ 2]         iny                                      
7e3d : 85ba             [ 3]         sta z80_AP                               
7e3f : b1b2             [ 5] 	lda (z80_C),y                                   
7e41 : 85b1             [ 3] 	sta z80_A
7e43 : a5b2             [ 3]         lda z80_C
7e45 : 18               [ 2]         clc
7e46 : 6902             [ 2]         adc #02
7e48 : 85b2             [ 3]         sta z80_C
7e4a : 9002             [ 3]         bcc sw
7e4c : e6b3             [ 5]         inc z80_B
7e4e :                       sw
7e4e : a5b1             [ 3] 	lda z80_A                                       
7e50 : f010             [ 3] 	beq NOSIG                                       
7e52 : a5b4             [ 3] 	lda z80_E													
7e54 : a6b6             [ 3] 	ldx z80_L
7e56 : 85b6             [ 3] 	sta z80_L
7e58 : 86b4             [ 3] 	stx z80_E
7e5a : a5b5             [ 3] 	lda z80_D
7e5c : a6b7             [ 3] 	ldx z80_H
7e5e : 85b7             [ 3] 	sta z80_H
7e60 : 86b5             [ 3] 	stx z80_D
7e62 :                       NOSIG	
7e62 : 38               [ 2]         sec                            
7e63 : a5b6             [ 3]         lda z80_L
7e65 : e5b4             [ 3]         sbc z80_E
7e67 : 85b6             [ 3]         sta z80_L
7e69 : a5b7             [ 3]         lda z80_H
7e6b : e5b5             [ 3]         sbc z80_D
7e6d : 85b7             [ 3]         sta z80_H
7e6f : 1015             [ 3] 	bpl SET_STP                                     
7e71 : a5b1             [ 3] 	lda z80_A                                       
7e73 : 49ff             [ 2]         eor #$FF                                 
7e75 : a6ba             [ 3]         ldx z80_AP                               
7e77 : 85ba             [ 3]         sta z80_AP
7e79 : 8a               [ 2]         txa
AS65 Assembler for R6502 [1.42].                                     Page   22
----------------------------------- ppt3.s -----------------------------------

7e7a : 49ff             [ 2] 	eor #$FF                                        
7e7c : 18               [ 2]         clc             
7e7d : 6901             [ 2]         adc #01                                  
7e7f : aa               [ 2]         tax                                      
7e80 : a5ba             [ 3]         lda z80_AP
7e82 : 86ba             [ 3]         stx z80_AP
7e84 : 85b1             [ 3]         sta z80_A
7e86 :                       SET_STP	
7e86 : a018             [ 2]         ldy #(TSlStp+1)                          
7e88 : a5b1             [ 3]         lda z80_A
7e8a : 91b8             [ 5]         sta (z80_IX),y                           
7e8c : aa               [ 2]         tax                                      
7e8d : a5ba             [ 3]         lda z80_AP
7e8f : 86ba             [ 3]         stx z80_AP
7e91 : 85b1             [ 3]         sta z80_A
7e93 : 88               [ 2] 	    dey                       
7e94 : 91b8             [ 5]         sta (z80_IX),y
7e96 : a00a             [ 2]         ldy #COnOff                              
7e98 : a900             [ 2]         lda #00
7e9a : 91b8             [ 5]         sta (z80_IX),y
7e9c : 60               [ 6] 	rts                                             
                             
7e9d :                       C_GLISS	
7e9d : a015             [ 2]         ldy #Flags       											
7e9f : b1b8             [ 5] 	lda (z80_IX),y
7ea1 : 0904             [ 2] 	ora #%00000100
7ea3 : 91b8             [ 5] 	sta (z80_IX),y
7ea5 : a000             [ 2] 	ldy #00                 ; lda ($AC,x)	          
7ea7 : b1b2             [ 5]         lda (z80_C),y
7ea9 : 85b1             [ 3]         sta z80_A
7eab : e6b2             [ 5]         inc z80_C                                
7ead : d002             [ 3]         bne sy
7eaf : e6b3             [ 5]         inc z80_B
7eb1 :                       sy     
7eb1 : a016             [ 2] 	ldy #TnSlDl                                     
7eb3 : 91b8             [ 5]         sta (z80_IX),y
7eb5 : 18               [ 2] 	clc                                             
7eb6 : a5b1             [ 3]         lda z80_A                                
7eb8 : d00d             [ 3] 	bne GL36                                        
7eba : ad247e           [ 4] 	lda Version+1                                   
7ebd : c907             [ 2] 	cmp #7                                          
7ebf : b004             [ 3] 	bcs sz                                          
7ec1 : a900             [ 2]         lda #00         ; si A < 7  , A = 0 ($FF+
7ec3 : f002             [ 3]         beq saa
7ec5 : a901             [ 2] sz      lda #01         ; si A >= 7 , A = 1 ($00+
7ec7 :                       saa	    
7ec7 :                       GL36	
7ec7 : a005             [ 2]         ldy #TSlCnt                              
7ec9 : 91b8             [ 5] 	sta (z80_IX),y                                  
7ecb : a000             [ 2]         ldy #00                                  
7ecd : b1b2             [ 5]         lda (z80_C),y
7ecf : 85ba             [ 3]         sta z80_AP
7ed1 : c8               [ 2]         iny
7ed2 : b1b2             [ 5]         lda (z80_C),y
7ed4 : 85b1             [ 3]         sta z80_A
7ed6 : 18               [ 2]         clc
7ed7 : a5b2             [ 3]         lda z80_C
7ed9 : 6902             [ 2]         adc #02
7edb : 85b2             [ 3]         sta z80_C                                
7edd : 9002             [ 3]         bcc sac
7edf : e6b3             [ 5]         inc z80_B
7ee1 :                       sac     
AS65 Assembler for R6502 [1.42].                                     Page   23
----------------------------------- ppt3.s -----------------------------------

7ee1 : 4c867e           [ 3] 	jmp SET_STP                                     
                             
7ee4 :                       C_SMPOS	
7ee4 : a000             [ 2]         ldy #00                  ; lda ($AC,x)	  
7ee6 : b1b2             [ 5]         lda (z80_C),y
7ee8 : e6b2             [ 5]         inc z80_C                                
7eea : d002             [ 3]         bne sad
7eec : e6b3             [ 5]         inc z80_B
7eee :                       sad     
7eee : a001             [ 2] 	ldy #PsInSm                                     
7ef0 : 91b8             [ 5]         sta (z80_IX),y
7ef2 : 60               [ 6] 	rts                                             
                             
7ef3 :                       C_ORPOS	
7ef3 : a000             [ 2]         ldy #00                 ; lda ($AC,x)	   
7ef5 : b1b2             [ 5]         lda (z80_C),y
7ef7 : e6b2             [ 5]         inc z80_C                                
7ef9 : d002             [ 3]         bne sae
7efb : e6b3             [ 5]         inc z80_B
7efd :                       sae     
7efd : a000             [ 2] 	ldy #PsInOr                                     
7eff : 91b8             [ 5]         sta (z80_IX),y
7f01 : 60               [ 6] 	rts                                             
                                 
7f02 :                       C_VIBRT	
7f02 : a000             [ 2]         ldy #00                 ; lda ($AC,x)	   
7f04 : b1b2             [ 5]         lda (z80_C),y
7f06 : e6b2             [ 5]         inc z80_C                                
7f08 : d002             [ 3]         bne saf
7f0a : e6b3             [ 5]         inc z80_B
7f0c :                       saf     
7f0c : a00b             [ 2] 	ldy #OnOffD                                     
7f0e : 91b8             [ 5]         sta (z80_IX),y
7f10 : a00a             [ 2]         ldy #COnOff                              
7f12 : 91b8             [ 5]         sta (z80_IX),y
7f14 : a000             [ 2] 	ldy #00                 ; lda ($AC,x)	          
7f16 : b1b2             [ 5]         lda (z80_C),y
7f18 : e6b2             [ 5]         inc z80_C                                
7f1a : d002             [ 3]         bne sag
7f1c : e6b3             [ 5]         inc z80_B
7f1e : a00c             [ 2] sag     ldy #OffOnD                              
7f20 : 91b8             [ 5]         sta (z80_IX),y
7f22 : a900             [ 2]         lda #00                                  
7f24 : a005             [ 2]         ldy #TSlCnt                              
7f26 : 91b8             [ 5]         sta (z80_IX),y
7f28 : a006             [ 2] 	ldy #CrTnSl                                     
7f2a : 91b8             [ 5]         sta (z80_IX),y
7f2c : c8               [ 2] 	iny                                             
7f2d : 91b8             [ 5]         sta (z80_IX),y
7f2f : 60               [ 6] 	rts                                             
                             
7f30 :                       C_ENGLS	
7f30 : a000             [ 2]         ldy #00                                  
7f32 : b1b2             [ 5]         lda (z80_C),y
7f34 : 8db184           [ 4]         sta Env_Del+1                            
7f37 : 8de887           [ 4] 	sta CurEDel
7f3a : c8               [ 2]         iny
7f3b : b1b2             [ 5]         lda (z80_C),y
7f3d : 85b6             [ 3]         sta z80_L                                
7f3f : 8db684           [ 4]         sta ESldAdd+1
7f42 : c8               [ 2]         iny
7f43 : b1b2             [ 5]         lda (z80_C),y
AS65 Assembler for R6502 [1.42].                                     Page   24
----------------------------------- ppt3.s -----------------------------------

7f45 : 85b7             [ 3]         sta z80_H                                
7f47 : 8dbe84           [ 4] 	sta ESldAdd+9
7f4a : 18               [ 2]         clc
7f4b : a5b2             [ 3]         lda z80_C 
7f4d : 6903             [ 2]         adc #03
7f4f : 85b2             [ 3]         sta z80_C
7f51 : 9002             [ 3]         bcc sah
7f53 : e6b3             [ 5]         inc z80_B
7f55 :                       sah	                                             
7f55 : 60               [ 6] 	rts                                             
                             
7f56 :                       C_DELAY	
7f56 : a000             [ 2]         ldy #00                 ; lda ($AC,x)	   
7f58 : b1b2             [ 5]         lda (z80_C),y
7f5a : e6b2             [ 5]         inc z80_C                                
7f5c : d002             [ 3]         bne sak
7f5e : e6b3             [ 5]         inc z80_B
7f60 :                       sak
7f60 : 8dec83           [ 4] 	sta Delay+1                                     
7f63 : 60               [ 6] 	rts                                             
                             
7f64 :                       SETENV	
7f64 : a014             [ 2]         ldy #Env_En                              
7f66 : a5b4             [ 3]         lda z80_E
7f68 : 91b8             [ 5]         sta (z80_IX),y
7f6a : a5b1             [ 3]         lda z80_A                ; OPT (inverser 
7f6c : 8df887           [ 4]         sta AYREGS+EnvTp
7f6f : a000             [ 2] 	ldy #00                                         
7f71 : b1b2             [ 5]         lda (z80_C),y           
7f73 : 85b7             [ 3] 	sta z80_H                                       
7f75 : 8dfa87           [ 4]         sta EnvBase+1                            
7f78 : c8               [ 2] 	iny                                             
7f79 : b1b2             [ 5]         lda (z80_C),y
7f7b : 85b6             [ 3] 	sta z80_L                                       
7f7d : 8df987           [ 4] 	sta EnvBase
7f80 : a5b2             [ 3]         lda z80_C
7f82 : 18               [ 2]         clc
7f83 : 6902             [ 2]         adc #02
7f85 : 85b2             [ 3]         sta z80_C
7f87 : 9002             [ 3]         bcc sam
7f89 : e6b3             [ 5]         inc z80_B                                
7f8b : a900             [ 2] sam	lda #00                                      
7f8d : a000             [ 2] 	ldy #PsInOr                                     
7f8f : 91b8             [ 5]         sta (z80_IX),y
7f91 : 8de887           [ 4] 	sta CurEDel                                     
7f94 : 85b7             [ 3] 	sta z80_H                                       
7f96 : 8de787           [ 4]         sta CurESld+1                            
7f99 : 85b6             [ 3] 	sta z80_L                                       
7f9b : 85b1             [ 3]         sta z80_A
7f9d : 8de687           [ 4] 	sta CurESld                                     
7fa0 :                       C_NOP	
7fa0 : 60               [ 6]         rts                                      
                             
7fa1 :                       SETORN	
7fa1 : a5b1             [ 3]         lda z80_A
7fa3 : 0a               [ 2]         asl a                                    
7fa4 : 85b4             [ 3] 	sta z80_E                                       
7fa6 : a900             [ 2] 	lda #00             ; OPT (inutile ?)           
7fa8 : 85b5             [ 3]         sta z80_D
7faa : a000             [ 2] 	ldy #PsInOr                                     
7fac : 91b8             [ 5]         sta (z80_IX),y
7fae :                       OrnPtrs
AS65 Assembler for R6502 [1.42].                                     Page   25
----------------------------------- ppt3.s -----------------------------------

7fae : a9ac             [ 2] 	    lda #$AC           
7fb0 : 18               [ 2]         clc
7fb1 : 65b4             [ 3]         adc z80_E                                
7fb3 : 85b6             [ 3]         sta z80_L
7fb5 : a9ac             [ 2]         lda #$AC
7fb7 : 6900             [ 2]         adc #00
7fb9 : 85b7             [ 3]         sta z80_H
7fbb : a000             [ 2] 	ldy #00                                         
7fbd : b1b6             [ 5]         lda (z80_L),y
7fbf :                       MDADDR2
7fbf : 69ac             [ 2] 	adc #$AC
7fc1 : aa               [ 2]         tax             ; save
7fc2 : c8               [ 2] 	iny                                             
7fc3 : b1b6             [ 5] 	lda (z80_L),y
7fc5 : 69ac             [ 2]         adc #$AC                                 
                             	    
7fc7 : a00e             [ 2] 	ldy #OrnPtr+1                                   
7fc9 : 91b8             [ 5]         sta (z80_IX),y
7fcb : 88               [ 2]         dey
7fcc : 8a               [ 2] 	txa                                             
7fcd : 91b8             [ 5]         sta (z80_IX),y
7fcf : 60               [ 6] 	rts                                             
                             
                             ;ALL 16 ADDRESSES TO PROTECT FROM BROKEN PT3 MODU
7fd0 :                       SPCCOMS 
7fd0 : 9f7f                          fcw C_NOP-1
7fd2 : 9c7e                  	fcw C_GLISS-1
7fd4 : a07d                  	fcw C_PORTM-1
7fd6 : e37e                  	fcw C_SMPOS-1
7fd8 : f27e                  	fcw C_ORPOS-1
7fda : 017f                  	fcw C_VIBRT-1
7fdc : 9f7f                  	fcw C_NOP-1
7fde : 9f7f                  	fcw C_NOP-1
7fe0 : 2f7f                  	fcw C_ENGLS-1
7fe2 : 557f                  	fcw C_DELAY-1
7fe4 : 9f7f                  	fcw C_NOP-1
7fe6 : 9f7f                  	fcw C_NOP-1
7fe8 : 9f7f                  	fcw C_NOP-1
7fea : 9f7f                  	fcw C_NOP-1
7fec : 9f7f                  	fcw C_NOP-1
7fee : 9f7f                  	fcw C_NOP-1
                             ; ===============================================
7ff0 :                       CHREGS	
7ff0 : a900             [ 2]         lda #00                                  
7ff2 : 85b1             [ 3] 	    sta z80_A       ; save
7ff4 : 8df587           [ 4]         sta Ampl                                 
7ff7 : a5b6             [ 3] 	    lda z80_L                                   
7ff9 : 85bf             [ 3]         sta val3                                 
7ffb : a5b7             [ 3]         lda z80_H
7ffd : 85c0             [ 3]         sta val3+1
7fff : a015             [ 2]         ldy #Flags                               
8001 : a901             [ 2]         lda #%00000001
8003 : 85bb             [ 3]         sta val1
8005 : b1b8             [ 5]         lda (z80_IX),y
8007 : 24bb             [ 3]         bit val1
8009 : d003             [ 3] 	    bne saq
800b : 4c8782           [ 3]         jmp CH_EXIT                              
800e :                       saq     	
                                                                              
800e : a00d             [ 2] 	    ldy #OrnPtr                                 
8010 : b1b8             [ 5]         lda (z80_IX),y
8012 : 85b6             [ 3]         sta z80_L
AS65 Assembler for R6502 [1.42].                                     Page   26
----------------------------------- ppt3.s -----------------------------------

8014 : 85bb             [ 3]         sta val1            ; save L
8016 : c8               [ 2]         iny                                      
8017 : b1b8             [ 5]         lda (z80_IX),y
8019 : 85b7             [ 3]         sta z80_H
801b : 85bc             [ 3]         sta val1+1          ; save H
                             	                                                
801d : a000             [ 2]         ldy #00
801f : b1b6             [ 5]         lda (z80_L),y                            
8021 : 85b4             [ 3]         sta z80_E
8023 : c8               [ 2]         iny
8024 : b1b6             [ 5]         lda (z80_L),y
8026 : 85b5             [ 3]         sta z80_D
8028 : a000             [ 2] 	    ldy #PsInOr                                 
802a : b1b8             [ 5]         lda (z80_IX),y
802c : 85b6             [ 3] 	    sta z80_L                                   
802e : 85b1             [ 3]         sta z80_A                                
8030 : 18               [ 2] 	    clc
8031 : a5bb             [ 3]         lda val1
8033 : 65b6             [ 3]         adc z80_L
8035 : 85b6             [ 3]         sta z80_L
8037 : a5bc             [ 3]         lda val1+1
8039 : 6900             [ 2]         adc #00                
803b : 85b7             [ 3]         sta z80_H                                
803d : a5b6             [ 3]         lda z80_L
803f : 6902             [ 2]         adc #02
8041 : 85b6             [ 3]         sta z80_L
8043 : a5b7             [ 3]         lda z80_H
8045 : 6900             [ 2]         adc #00
8047 : 85b7             [ 3]         sta z80_H
8049 : a5b1             [ 3]         lda z80_A                                
804b : 6901             [ 2]         adc #01
804d : c5b5             [ 3]         cmp z80_D                                
804f : 9003             [ 3] 	    bcc CH_ORPS                                 
8051 : 18               [ 2] 	    clc
8052 : a5b4             [ 3]         lda z80_E                                
8054 :                       CH_ORPS	
8054 : a000             [ 2]         ldy #PsInOr                              
8056 : 91b8             [ 5]         sta (z80_IX),y
8058 : a012             [ 2] 	    ldy #Note                                   
805a : b1b8             [ 5]         lda (z80_IX),y
805c : a000             [ 2] 	    ldy #00                                     
805e : 71b6             [ 5]         adc (z80_L),y       ; adc ($AC,x)	
8060 : 1002             [ 3] 	    bpl CH_NTP                                  
8062 : a900             [ 2] 	    lda #00                                     
8064 :                       CH_NTP	
8064 : c960             [ 2]         cmp #96                                  
8066 : 9002             [ 3] 	    bcc CH_NOK                                  
8068 : a95f             [ 2] 	    lda #95                                     
806a :                       CH_NOK	
806a : 0a               [ 2]         asl a                                    
806b : 85ba             [ 3]         sta z80_AP                               
806d : a00f             [ 2] 	    ldy #SamPtr                                 
806f : b1b8             [ 5]         lda (z80_IX),y
8071 : 85b6             [ 3]         sta z80_L
8073 : 85bb             [ 3] 	    sta val1            ; save L
8075 : c8               [ 2]         iny                                      
8076 : b1b8             [ 5]         lda (z80_IX),y
8078 : 85b7             [ 3]         sta z80_H
807a : 85bc             [ 3]         sta val1+1          ; save H
807c : a000             [ 2] 	    ldy #00
807e : b1b6             [ 5]         lda (z80_L),y                            
8080 : 85b4             [ 3]         sta z80_E   
AS65 Assembler for R6502 [1.42].                                     Page   27
----------------------------------- ppt3.s -----------------------------------

8082 : c8               [ 2]         iny
8083 : b1b6             [ 5]         lda (z80_L),y
8085 : 85b5             [ 3]         sta z80_D   
                             
8087 : a001             [ 2] 	    ldy #PsInSm                                 
8089 : b1b8             [ 5]         lda (z80_IX),y
808b : 85b3             [ 3] 	    sta z80_B                                   
808d : 0a               [ 2] 	    asl a                                       
808e : 0a               [ 2] 	    asl a                                       
808f : 85b6             [ 3] 	    sta z80_L                                   
8091 : 18               [ 2]         clc
8092 : 65bb             [ 3]         adc val1
8094 : 85b6             [ 3]         sta z80_L
8096 : a5bc             [ 3]         lda val1+1
8098 : 6900             [ 2]         adc #00
809a : 85b7             [ 3]         sta z80_H                                
809c : a5b6             [ 3]         lda z80_L
809e : 6902             [ 2]         adc #02
80a0 : 85b6             [ 3]         sta z80_L
80a2 : a5b7             [ 3]         lda z80_H
80a4 : 6900             [ 2]         adc #00
80a6 : 85b7             [ 3]         sta z80_H
                             
80a8 : a5b3             [ 3] 	    lda z80_B                                   
80aa : 6901             [ 2]         adc #01
80ac : c5b5             [ 3] 	    cmp z80_D                                   
80ae : 9002             [ 3] 	    bcc CH_SMPS                                 
80b0 : a5b4             [ 3] 	    lda z80_E                                   
80b2 :                       CH_SMPS	
80b2 : a001             [ 2]         ldy #PsInSm                              
80b4 : 91b8             [ 5]         sta (z80_IX),y
80b6 : a000             [ 2]         ldy #00
80b8 : b1b6             [ 5]         lda (z80_L),y                            
80ba : 85b2             [ 3]         sta z80_C
80bc : c8               [ 2]         iny
80bd : b1b6             [ 5]         lda (z80_L),y
80bf : 85b3             [ 3]         sta z80_B
                             
80c1 : a008             [ 2]         ldy #TnAcc                               
80c3 : b1b8             [ 5]         lda (z80_IX),y
80c5 : 85b4             [ 3]         sta z80_E
80c7 : c8               [ 2]         iny
80c8 : b1b8             [ 5]         lda (z80_IX),y
80ca : 85b5             [ 3] 	    sta z80_D                                   
80cc : 18               [ 2] 	    clc                                         
80cd : a002             [ 2]         ldy #02
80cf : b1b6             [ 5]         lda (z80_L),y                            
80d1 : 65b4             [ 3]         adc z80_E
80d3 : aa               [ 2]         tax
80d4 : c8               [ 2]         iny
80d5 : b1b6             [ 5]         lda (z80_L),y
80d7 : 65b5             [ 3]         adc z80_D
80d9 : 85b7             [ 3]         sta z80_H
80db : 85b5             [ 3]         sta z80_D
80dd : 8a               [ 2]         txa
80de : 85b6             [ 3]         sta z80_L
80e0 : 85b4             [ 3]         sta z80_E
                             
80e2 : a940             [ 2]         lda #%01000000                           
80e4 : 24b3             [ 3]         bit z80_B
80e6 : f00b             [ 3] 	    beq CH_NOAC                                 
80e8 : a008             [ 2] 	    ldy #TnAcc                                  
AS65 Assembler for R6502 [1.42].                                     Page   28
----------------------------------- ppt3.s -----------------------------------

80ea : a5b6             [ 3]         lda z80_L
80ec : 91b8             [ 5]         sta (z80_IX),y
80ee : c8               [ 2] 	    iny                                         
80ef : a5b7             [ 3]         lda z80_H
80f1 : 91b8             [ 5]         sta (z80_IX),y
80f3 :                       CH_NOAC 												             
80f3 : a5ba             [ 3]         lda z80_AP                               
80f5 : 85b1             [ 3]         sta z80_A                                
80f7 : 85b6             [ 3]         sta z80_L                                
80f9 : 18               [ 2]         clc
80fa : a9eb             [ 2]         lda #lo(NT_)
80fc : 65b6             [ 3]         adc z80_L
80fe : 85b6             [ 3]         sta z80_L
8100 : a988             [ 2]         lda #hi(NT_)
8102 : 6900             [ 2]         adc #00
8104 : 85b7             [ 3]         sta z80_H
8106 : a000             [ 2]         ldy #00
8108 : b1b6             [ 5]         lda (z80_L),y                            
810a : 65b4             [ 3]         adc z80_E
810c : aa               [ 2]         tax
810d : c8               [ 2]         iny
810e : b1b6             [ 5]         lda (z80_L),y
8110 : 65b5             [ 3]         adc z80_D                                
8112 : 85b7             [ 3]         sta z80_H
8114 : 8a               [ 2]         txa
8115 : 85b6             [ 3]         sta z80_L
8117 : 18               [ 2]         clc
8118 : a006             [ 2] 	    ldy #CrTnSl                                 
811a : b1b8             [ 5]         lda (z80_IX),y
811c : 85b4             [ 3]         sta z80_E
811e : 65b6             [ 3]         adc z80_L
8120 : 85b6             [ 3]         sta z80_L
8122 : 85bf             [ 3] 	    sta val3
8124 : c8               [ 2]         iny                                      
8125 : b1b8             [ 5]         lda (z80_IX),y
8127 : 85b5             [ 3]         sta z80_D
8129 : 65b7             [ 3]         adc z80_H
812b : 85b7             [ 3]         sta z80_H
812d : 85c0             [ 3]         sta val3+1
                             ;CSP_	    
                             	   
812f : a900             [ 2]         lda #00                                  
8131 : a005             [ 2] 	    ldy #TSlCnt                                 
8133 : 11b8             [ 5]         ora (z80_IX),y
8135 : 85b1             [ 3] 	    sta z80_A
8137 : d003             [ 3]         bne saq1                                 
8139 : 4cb781           [ 3]         jmp CH_AMP
813c : b1b8             [ 5] saq1	lda (z80_IX),y                              
813e : 38               [ 2]         sec
813f : e901             [ 2]         sbc #01
8141 : 91b8             [ 5]         sta (z80_IX),y
8143 : d072             [ 3] 	    bne CH_AMP                                  
8145 : a016             [ 2] 	    ldy #TnSlDl                                 
8147 : b1b8             [ 5]         lda (z80_IX),y
8149 : a005             [ 2]         ldy #TSlCnt                              
814b : 91b8             [ 5]         sta (z80_IX),y
814d : 18               [ 2] 	    clc
814e : a017             [ 2]         ldy #TSlStp                              
8150 : b1b8             [ 5]         lda (z80_IX),y
8152 : 65b4             [ 3]         adc z80_E
8154 : 85b6             [ 3]         sta z80_L
8156 : c8               [ 2] 	    iny                                         
AS65 Assembler for R6502 [1.42].                                     Page   29
----------------------------------- ppt3.s -----------------------------------

8157 : b1b8             [ 5]         lda (z80_IX),y
8159 : 65b5             [ 3]         adc z80_D
815b : 85b7             [ 3]         sta z80_H 
815d : 85b1             [ 3] 	    sta z80_A       ; save                      
815f : a007             [ 2] 	    ldy #CrTnSl+1                               
8161 : 91b8             [ 5]         sta (z80_IX),y
8163 : 88               [ 2]         dey                                      
8164 : a5b6             [ 3]         lda z80_L
8166 : 91b8             [ 5]         sta (z80_IX),y
8168 : a904             [ 2] 	    lda #%00000100                              
816a : 85bb             [ 3]         sta val1
816c : a015             [ 2]         ldy #Flags
816e : b1b8             [ 5]         lda (z80_IX),y
8170 : 24bb             [ 3]         bit val1
8172 : d043             [ 3] 	    bne CH_AMP  	                               
8174 : a019             [ 2] 	    ldy #TnDelt                                 
8176 : b1b8             [ 5]         lda (z80_IX),y
8178 : 85b4             [ 3]         sta z80_E
817a : c8               [ 2] 	    iny                                         
817b : b1b8             [ 5]         lda (z80_IX),y
817d : 85b5             [ 3]         sta z80_D
817f : a5b1             [ 3] 	lda z80_A                                       
8181 : f010             [ 3] 	beq CH_STPP                                     
8183 : a5b4             [ 3] 	lda z80_E												
8185 : a6b6             [ 3] 	ldx z80_L
8187 : 85b6             [ 3] 	sta z80_L
8189 : 86b4             [ 3] 	stx z80_E
818b : a5b5             [ 3] 	lda z80_D
818d : a6b7             [ 3] 	ldx z80_H
818f : 85b7             [ 3] 	sta z80_H
8191 : 86b5             [ 3] 	stx z80_D
8193 :                       CH_STPP
8193 : 38               [ 2]         sec           ; carry = 0 becoze And A   
8194 : a5b6             [ 3]         lda z80_L
8196 : e5b4             [ 3]         sbc z80_E
8198 : 85b6             [ 3]         sta z80_L
819a : a5b7             [ 3]         lda z80_H
819c : e5b5             [ 3]         sbc z80_D
819e : 85b7             [ 3]         sta z80_H
81a0 : 3015             [ 3]         bmi CH_AMP                               
81a2 : a013             [ 2] 	ldy #SlToNt                                     
81a4 : b1b8             [ 5]         lda (z80_IX),y
81a6 : a012             [ 2] 	ldy #Note                                       
81a8 : 91b8             [ 5]         sta (z80_IX),y
81aa : a900             [ 2] 	lda #00                                         
81ac : a005             [ 2] 	ldy #TSlCnt                                     
81ae : 91b8             [ 5]         sta (z80_IX),y
81b0 : a006             [ 2] 	ldy #CrTnSl                                     
81b2 : 91b8             [ 5]         sta (z80_IX),y
81b4 : c8               [ 2]         iny                                      
81b5 : 91b8             [ 5]         sta (z80_IX),y
                             
81b7 :                       CH_AMP	
81b7 : a002             [ 2]         ldy #CrAmSl                              
81b9 : b1b8             [ 5]         lda (z80_IX),y
81bb : 85b1             [ 3] 	    sta z80_A       ; save
81bd : a980             [ 2]         lda #%10000000                           
81bf : 24b2             [ 3]         bit z80_C
81c1 : f021             [ 3] 	    beq CH_NOAM                                 
81c3 : a940             [ 2] 	    lda #%01000000                              
81c5 : 24b2             [ 3]         bit z80_C
81c7 : f00c             [ 3] 	    beq CH_AMIN                                 
AS65 Assembler for R6502 [1.42].                                     Page   30
----------------------------------- ppt3.s -----------------------------------

81c9 : a5b1             [ 3] 	    lda z80_A                                   
81cb : c90f             [ 2]         cmp #15
81cd : f015             [ 3] 	    beq CH_NOAM                                 
81cf : 18               [ 2] 	    clc                                         
81d0 : 6901             [ 2]         adc #01
81d2 : 4cde81           [ 3] 	    jmp CH_SVAM                                 
81d5 :                       CH_AMIN	
81d5 : a5b1             [ 3]         lda z80_A                                
81d7 : c9f1             [ 2]         cmp #$F1            ; -15
81d9 : f009             [ 3] 	    beq CH_NOAM                                 
81db : 38               [ 2] 	    sec                                         
81dc : e901             [ 2]         sbc #01
81de :                       CH_SVAM	
81de : a002             [ 2]         ldy #CrAmSl                              
81e0 : 91b8             [ 5]         sta (z80_IX),y
81e2 : 85b1             [ 3]         sta z80_A
81e4 :                       CH_NOAM	
81e4 : a5b1             [ 3]         lda z80_A
81e6 : 85b6             [ 3]         sta z80_L                                
81e8 : a5b3             [ 3] 	    lda z80_B                                   
81ea : 290f             [ 2] 	    and #15                                     
81ec : 18               [ 2] 	    clc                                         
81ed : 65b6             [ 3]         adc z80_L
81ef : 1002             [ 3] 	    bpl CH_APOS                                 
81f1 : a900             [ 2] 	    lda #00                                     
81f3 :                       CH_APOS	
81f3 : c910             [ 2]         cmp #16                                  
81f5 : 9002             [ 3] 	    bcc CH_VOL                                  
81f7 : a90f             [ 2] 	    lda #15                                     
81f9 :                       CH_VOL	
81f9 : a01c             [ 2]         ldy #Volume                              
81fb : 11b8             [ 5]         ora (z80_IX),y
81fd : 85b6             [ 3] 	    sta z80_L
81ff : 18               [ 2]         clc                                      
8200 : a9eb             [ 2] 	lda #lo(VT_)                                    
8202 : 85b4             [ 3]         sta z80_E
8204 : 65b6             [ 3]         adc z80_L
8206 : 85b6             [ 3]         sta z80_L
8208 : a987             [ 2]         lda #hi(VT_)
820a : 85b5             [ 3]         sta z80_D
820c : 6900             [ 2]         adc #00
820e : 85b7             [ 3]         sta z80_H
8210 : a000             [ 2] 	    ldy #00                                     
8212 : b1b6             [ 5]         lda (z80_L),y       ; lda ($AC,x)	
8214 : 85b1             [ 3]         sta z80_A       ; save
8216 :                       CH_ENV	
8216 : a901             [ 2]         lda #%00000001                           
8218 : 24b2             [ 3]         bit z80_C
821a : d008             [ 3] 	    bne CH_NOEN                                 
821c : a014             [ 2] 	    ldy #Env_En                                 
821e : a5b1             [ 3]         lda z80_A
8220 : 11b8             [ 5]         ora (z80_IX),y
8222 : 85b1             [ 3]         sta z80_A
                             
8224 :                       CH_NOEN	
8224 : a5b1             [ 3]         lda z80_A
8226 : 8df587           [ 4]         sta Ampl                                 
8229 : a5b2             [ 3]         lda z80_C                                
822b : 85b1             [ 3]         sta z80_A
822d : a980             [ 2]         lda #%10000000                           
822f : 24b3             [ 3]         bit z80_B
8231 : f034             [ 3] 	    beq NO_ENSL                                 
AS65 Assembler for R6502 [1.42].                                     Page   31
----------------------------------- ppt3.s -----------------------------------

8233 : a5b1             [ 3]         lda z80_A
8235 : 2a               [ 2]         rol a                                    
8236 : 2a               [ 2] 	    rol a                                       
8237 : c980             [ 2] 	    cmp #$80                                    
8239 : 6a               [ 2]         ror a
823a : c980             [ 2] 	    cmp #$80                                    
823c : 6a               [ 2]         ror a
823d : c980             [ 2] 	    cmp #$80                                    
823f : 6a               [ 2]         ror a
8240 : a004             [ 2] 	    ldy #CrEnSl                                 
8242 : 18               [ 2]         clc
8243 : 71b8             [ 5]         adc (z80_IX),y
8245 : 85b1             [ 3]         sta z80_A
8247 : a920             [ 2]         lda #%00100000                           
8249 : 24b3             [ 3]         bit z80_B
824b : f006             [ 3] 	    beq NO_ENAC                                 
824d : a004             [ 2] 	    ldy #CrEnSl                                 
824f : a5b1             [ 3]         lda z80_A
8251 : 91b8             [ 5]         sta (z80_IX),y
8253 :                       NO_ENAC	
8253 : a96a             [ 2]         lda #lo(AddToEn+1)       ; OPT ?         
8255 : 85b6             [ 3]         sta z80_L
8257 : a984             [ 2]         lda #hi(AddToEn+1)
8259 : 85b7             [ 3]         sta z80_H
825b : a5b1             [ 3]         lda z80_A
825d : a000             [ 2]         ldy #00                                  
                             		                                               
825f : 18               [ 2]         clc
8260 : 71b6             [ 5]         adc (z80_L),y           ; OPT ?
8262 : 91b6             [ 5]         sta (z80_L),y                            
8264 : 4c8082           [ 3] 	    jmp CH_MIX                                  
8267 :                       NO_ENSL 
8267 : a5b1             [ 3]         lda z80_A
8269 : 6a               [ 2]         ror a                                    
826a : a003             [ 2] 	    ldy #CrNsSl                                 
826c : 18               [ 2]         clc
826d : 71b8             [ 5]         adc (z80_IX),y
826f : 8dea87           [ 4] 	    sta AddToNs                                 
8272 : 85b1             [ 3]         sta z80_A       ; save
8274 : a920             [ 2] 	    lda #%00100000                              
8276 : 24b3             [ 3]         bit z80_B
8278 : f006             [ 3] 	    beq CH_MIX                                  
827a : a003             [ 2] 	    ldy #CrNsSl                                 
827c : a5b1             [ 3]         lda z80_A
827e : 91b8             [ 5]         sta (z80_IX),y
8280 :                       CH_MIX	
8280 : a5b3             [ 3]         lda z80_B                                
8282 : 6a               [ 2] 	    ror a                                       
8283 : 2948             [ 2] 	    and #$48                                    
8285 : 85b1             [ 3]         sta z80_A
8287 :                       CH_EXIT	
8287 : a9f2             [ 2]         lda #lo(AYREGS+Mixer)                    
8289 : 85b6             [ 3]         sta z80_L
828b : a987             [ 2]         lda #hi(AYREGS+Mixer)
828d : 85b7             [ 3]         sta z80_H
828f : a5b1             [ 3] 	    lda z80_A
8291 : a000             [ 2]         ldy #00                                  
8293 : 11b6             [ 5]         ora (z80_L),y       ; ora ($AC,x)	
8295 : 4a               [ 2] 	    lsr a                                       
8296 : 9002             [ 3]         bcc saq2
8298 : 0980             [ 2]         ora #$80
829a : 91b6             [ 5] saq2	sta (z80_L),y                               
AS65 Assembler for R6502 [1.42].                                     Page   32
----------------------------------- ppt3.s -----------------------------------

829c : a5c0             [ 3] 	    lda val3+1                                  
829e : 85b7             [ 3]         sta z80_H
82a0 : a5bf             [ 3]         lda val3 
82a2 : 85b6             [ 3]         sta z80_L
82a4 : a900             [ 2] 	    lda #00                                     
82a6 : a00a             [ 2] 	    ldy #COnOff                                 
82a8 : 11b8             [ 5]         ora (z80_IX),y
82aa : 85b1             [ 3] 	    sta z80_A       ; save
82ac : d001             [ 3]         bne sas                                  
82ae : 60               [ 6]         rts
82af : a00a             [ 2] sas 	ldy #COnOff                                 
82b1 : b1b8             [ 5]         lda (z80_IX),y
82b3 : 38               [ 2]         sec
82b4 : e901             [ 2]         sbc #01
82b6 : 91b8             [ 5]         sta (z80_IX),y
82b8 : f001             [ 3] 	    beq sat                                     
82ba : 60               [ 6]         rts
82bb : a015             [ 2] sat 	ldy #Flags                                  
82bd : a5b1             [ 3]         lda z80_A
82bf : 51b8             [ 5]         eor (z80_IX),y                           
82c1 : 91b8             [ 5]         sta (z80_IX),y                           
82c3 : 6a               [ 2] 	    ror a                                       
82c4 : a00b             [ 2] 	    ldy #OnOffD                                 
82c6 : b1b8             [ 5]         lda (z80_IX),y
82c8 : b004             [ 3] 	    bcs CH_ONDL                                 
82ca : a00c             [ 2] 	    ldy #OffOnD                                 
82cc : b1b8             [ 5]         lda (z80_IX),y
82ce :                       CH_ONDL	
82ce : a00a             [ 2]         ldy #COnOff                              
82d0 : 91b8             [ 5]         sta (z80_IX),y
82d2 : 60               [ 6]         rts                                      
                             ; ===============================================
82d3 :                       PLAY    
82d3 : a900             [ 2]         lda #00                                  
82d5 : 8d6a84           [ 4] 	    sta AddToEn+1                               
82d8 : 8df287           [ 4] 	    sta AYREGS+Mixer                            
82db : a9ff             [ 2] 	    lda #$FF                                    
82dd : 8df887           [ 4] 	    sta AYREGS+EnvTp                            
82e0 : cee587           [ 6] 	    dec DelyCnt                                 
82e3 : f003             [ 3] 	    beq sat1                                    
82e5 : 4cf083           [ 3]         jmp PL2
82e8 : cea987           [ 6] sat1	dec ANtSkCn                                 
82eb : f003             [ 3] 	    beq sat2                                    
82ed : 4ca783           [ 3]         jmp PL1B
82f0 :                       AdInPtA
82f0 : a901             [ 2] sat2	lda #01                                     
82f2 : 85b2             [ 3]         sta z80_C
82f4 : a901             [ 2]         lda #01
82f6 : 85b3             [ 3]         sta z80_B
82f8 : a000             [ 2] 	    ldy #00                                     
82fa : b1b2             [ 5]         lda (z80_C),y       ; lda ($AC,x)	       
82fc : f003             [ 4] 	    beq sat3            ; test 0                
82fe : 4c9283           [ 3]         jmp PL1A
8301 : 85b5             [ 3] sat3	sta z80_D                                   
8303 : 8de987           [ 4] 	    sta Ns_Base                                 
8306 : ad3479           [ 4] 	    lda CrPsPtr                                 
8309 : 85b6             [ 3]         sta z80_L
830b : ad3579           [ 4]         lda CrPsPtr+1
830e : 85b7             [ 3]         sta z80_H
8310 : e6b6             [ 5] 	    inc z80_L                                   
8312 : d002             [ 3]         bne sar
8314 : e6b7             [ 5]         inc z80_H
AS65 Assembler for R6502 [1.42].                                     Page   33
----------------------------------- ppt3.s -----------------------------------

8316 :                       sar                                              
8316 : b1b6             [ 5]         lda (z80_L),y                            
8318 : 18               [ 2] 	    clc                                         
8319 : 6901             [ 2]         adc #01
831b : 85b1             [ 3]         sta z80_A
831d : d014             [ 3]         bne PLNLP                                
831f : 204b79           [ 6] 	    jsr CHECKLP                                 
8322 :                       LPosPtr
8322 : a9ac             [ 2] 	    lda #$AC                                    
8324 : 85b6             [ 3]         sta z80_L
8326 : a9ac             [ 2]         lda #$AC
8328 : 85b7             [ 3]         sta z80_H
832a : a000             [ 2] 	    ldy #00                 ; OPT ?             
832c : b1b6             [ 5]         lda (z80_L),y       ; lda ($AC,x)	       
832e : 18               [ 2] 	    clc                                         
832f : 6901             [ 2]         adc #01
8331 : 85b1             [ 3]         sta z80_A           ; save
8333 :                       PLNLP	
8333 : a5b6             [ 3]         lda z80_L                                
8335 : 8d3479           [ 4]         sta CrPsPtr
8338 : a5b7             [ 3]         lda z80_H
833a : 8d3579           [ 4]         sta CrPsPtr+1
833d : a5b1             [ 3] 	    lda z80_A                                   
833f : 38               [ 2]         sec
8340 : e901             [ 2]         sbc #01
8342 : 0a               [ 2] 	    asl a                                       
8343 : 85b4             [ 3] 	    sta z80_E                                   
8345 : 85b1             [ 3]         sta z80_A
8347 : 26b5             [ 5] 	    rol z80_D                                   
8349 :                       PatsPtr
8349 : a9ac             [ 2] 	    lda #$AC
834b : 18               [ 2]         clc
834c : 65b4             [ 3]         adc z80_E                                
834e : 85b6             [ 3]         sta z80_L
8350 : a9ac             [ 2]         lda #$AC
8352 : 65b5             [ 3]         adc z80_D
8354 : 85b7             [ 3]         sta z80_H
                             	    
8356 : ad7d7c           [ 4] 	    lda MODADDR+1                               
8359 : 85b4             [ 3]         sta z80_E
835b : ad837c           [ 4]         lda MODADDR+7
835e : 85b5             [ 3]         sta z80_D
                                                    	                         
8360 : a000             [ 2] 	    ldy #00                 ; OPT ?
8362 : b1b6             [ 5]         lda (z80_L),y           ; lda ($AC,x)	   
8364 : 18               [ 2]         clc                                      
8365 : 65b4             [ 3]         adc z80_E               ; OPT (adc MODADD
8367 : 85b2             [ 3]         sta z80_C
8369 : c8               [ 2]         iny
836a : b1b6             [ 5]         lda (z80_L),y
836c : 65b5             [ 3]         adc z80_D               ; OPT (adc MODADD
836e : 85b3             [ 3]         sta z80_B   
8370 : c8               [ 2]         iny
8371 : b1b6             [ 5]         lda (z80_L),y                            
8373 : 18               [ 2]         clc                     ; OPT ?
8374 : 65b4             [ 3]         adc z80_E               ; IDEM...
8376 : 8db583           [ 4]         sta AdInPtB+1   
8379 : c8               [ 2]         iny
837a : b1b6             [ 5]         lda (z80_L),y
837c : 65b5             [ 3]         adc z80_D
837e : 8db983           [ 4]         sta AdInPtB+5     
8381 : c8               [ 2]         iny
AS65 Assembler for R6502 [1.42].                                     Page   34
----------------------------------- ppt3.s -----------------------------------

8382 : b1b6             [ 5]         lda (z80_L),y                            
8384 : 18               [ 2]         clc
8385 : 65b4             [ 3]         adc z80_E               ; IDEM
8387 : 8dd783           [ 4]         sta AdInPtC+1   
838a : c8               [ 2]         iny
838b : b1b6             [ 5]         lda (z80_L),y
838d : 65b5             [ 3]         adc z80_D
838f : 8ddb83           [ 4]         sta AdInPtC+5
                                                                              
8392 :                       PSP_	
                             
8392 :                       PL1A	
8392 : a98e             [ 2]         lda #lo(ChanA)                           
8394 : 85b8             [ 3]         sta z80_IX
8396 : a987             [ 2]         lda #hi(ChanA)
8398 : 85b9             [ 3]         sta z80_IX+1
839a : 20ed7c           [ 6] 	jsr PTDECOD                                     
839d : a5b2             [ 3] 	lda z80_C                                       
839f : 8df182           [ 4]         sta AdInPtA+1
83a2 : a5b3             [ 3]         lda z80_B
83a4 : 8df582           [ 4]         sta AdInPtA+5
                             
83a7 :                       PL1B	
83a7 : cec687           [ 6]         dec BNtSkCn                              
83aa : d01d             [ 3] 	bne PL1C                                        
83ac : a9ab             [ 2] 	lda #lo(ChanB)                                  
83ae : 85b8             [ 3]         sta z80_IX
83b0 : a987             [ 2]         lda #hi(ChanB)
83b2 : 85b9             [ 3]         sta z80_IX+1
83b4 :                       AdInPtB
83b4 : a901             [ 2] 	lda #01                                         
83b6 : 85b2             [ 3]         sta z80_C
83b8 : a901             [ 2]         lda #01
83ba : 85b3             [ 3]         sta z80_B
83bc : 20ed7c           [ 6] 	jsr PTDECOD                                     
83bf : a5b2             [ 3] 	lda z80_C                                       
83c1 : 8db583           [ 4]         sta AdInPtB+1
83c4 : a5b3             [ 3]         lda z80_B
83c6 : 8db983           [ 4]         sta AdInPtB+5
                             
83c9 :                       PL1C	
83c9 : cee387           [ 6]         dec CNtSkCn                              
83cc : d01d             [ 3] 	bne PL1D                                        
83ce : a9c8             [ 2] 	lda #lo(ChanC)                                  
83d0 : 85b8             [ 3]         sta z80_IX
83d2 : a987             [ 2]         lda #hi(ChanC)
83d4 : 85b9             [ 3]         sta z80_IX+1
83d6 :                       AdInPtC
83d6 : a901             [ 2] 	lda #01                                         
83d8 : 85b2             [ 3]         sta z80_C
83da : a901             [ 2]         lda #01
83dc : 85b3             [ 3]         sta z80_B
83de : 20ed7c           [ 6] 	jsr PTDECOD                                     
83e1 : a5b2             [ 3] 	lda z80_C                                       
83e3 : 8dd783           [ 4]         sta AdInPtC+1
83e6 : a5b3             [ 3]         lda z80_B
83e8 : 8ddb83           [ 4]         sta AdInPtC+5
                             
83eb :                       Delay
83eb :                       PL1D	
83eb : a93e             [ 2]         lda #$3E                                 
83ed : 8de587           [ 4] 	    sta DelyCnt                                 
AS65 Assembler for R6502 [1.42].                                     Page   35
----------------------------------- ppt3.s -----------------------------------

                             
83f0 :                       PL2	
83f0 : a98e             [ 2]         lda #lo(ChanA)                           
83f2 : 85b8             [ 3]         sta z80_IX
83f4 : a987             [ 2]         lda #hi(ChanA)
83f6 : 85b9             [ 3]         sta z80_IX+1
83f8 : adeb87           [ 4] 	    lda AYREGS+TonA                             
83fb : 85b6             [ 3]         sta z80_L
83fd : adec87           [ 4]         lda AYREGS+TonA+1
8400 : 85b7             [ 3]         sta z80_H
8402 : 20f07f           [ 6] 	    jsr CHREGS                                  
8405 : a5b6             [ 3] 	    lda z80_L                                   
8407 : 8deb87           [ 4]         sta AYREGS+TonA
840a : a5b7             [ 3]         lda z80_H
840c : 8dec87           [ 4]         sta AYREGS+TonA+1
840f : adf587           [ 4] 	    lda Ampl                                    
8412 : 8df387           [ 4] 	    sta AYREGS+AmplA                            
                             	
8415 : a9ab             [ 2]         lda #lo(ChanB)                           
8417 : 85b8             [ 3]         sta z80_IX
8419 : a987             [ 2]         lda #hi(ChanB)
841b : 85b9             [ 3]         sta z80_IX+1
841d : aded87           [ 4] 	    lda AYREGS+TonB                             
8420 : 85b6             [ 3]         sta z80_L
8422 : adee87           [ 4]         lda AYREGS+TonB+1
8425 : 85b7             [ 3]         sta z80_H
8427 : 20f07f           [ 6] 	    jsr CHREGS                                  
842a : a5b6             [ 3] 	    lda z80_L                                   
842c : 8ded87           [ 4]         sta AYREGS+TonB
842f : a5b7             [ 3]         lda z80_H
8431 : 8dee87           [ 4]         sta AYREGS+TonB+1
8434 : adf587           [ 4] 	    lda Ampl                                    
8437 : 8df487           [ 4] 	    sta AYREGS+AmplB                            
                             	    
843a : a9c8             [ 2]         lda #lo(ChanC)                           
843c : 85b8             [ 3]         sta z80_IX
843e : a987             [ 2]         lda #hi(ChanC)
8440 : 85b9             [ 3]         sta z80_IX+1
8442 : adef87           [ 4] 	    lda AYREGS+TonC                             
8445 : 85b6             [ 3]         sta z80_L
8447 : adf087           [ 4]         lda AYREGS+TonC+1
844a : 85b7             [ 3]         sta z80_H
844c : 20f07f           [ 6] 	    jsr CHREGS                                  
844f : a5b6             [ 3] 	    lda z80_L                                   
8451 : 8def87           [ 4]         sta AYREGS+TonC
8454 : a5b7             [ 3]         lda z80_H
8456 : 8df087           [ 4]         sta AYREGS+TonC+1
                             
8459 : ade987           [ 4] 	    lda Ns_Base_AddToNs                         
845c : 85b6             [ 3]         sta z80_L
845e : adea87           [ 4]         lda Ns_Base_AddToNs+1
8461 : 85b7             [ 3]         sta z80_H                                
8463 : 18               [ 2] 	    clc                                         
8464 : 65b6             [ 3]         adc z80_L
8466 : 8df187           [ 4] 	    sta AYREGS+Noise                            
                             
8469 :                       AddToEn
8469 : a93e             [ 2] 	    lda #$3E                                    
846b : 85b4             [ 3] 	    sta z80_E                                   
846d : 0a               [ 2] 	    asl a                                       
846e : 9004             [ 3] 	    bcc sau                                     
8470 : a9ff             [ 2]         lda #$FF
AS65 Assembler for R6502 [1.42].                                     Page   36
----------------------------------- ppt3.s -----------------------------------

8472 : d002             [ 3]         bne sau1      ; always
8474 : a900             [ 2] sau     lda #00
8476 : 85b5             [ 3] sau1	sta z80_D                                   
8478 : adfa87           [ 4]         lda EnvBase+1
847b : 85b7             [ 3]         sta z80_H           ; OPT ?
847d : adf987           [ 4]         lda EnvBase                              
8480 : 85b6             [ 3]         sta z80_L           ; OPT ?
8482 : 18               [ 2] 	    clc                                         
8483 : 65b4             [ 3]         adc z80_E
8485 : 85b6             [ 3]         sta z80_L
8487 : a5b5             [ 3]         lda z80_D
8489 : 65b7             [ 3]         adc z80_H           ; OPT ?
848b : 85b7             [ 3]         sta z80_H 
848d : ade787           [ 4]         lda CurESld+1
8490 : 85b5             [ 3]         sta z80_D
8492 : ade687           [ 4]         lda CurESld                              
8495 : 85b4             [ 3]         sta z80_E
8497 : 18               [ 2] 	    clc                                         
8498 : 65b6             [ 3]         adc z80_L
849a : 8df687           [ 4]         sta AYREGS+Env                           
849d : a5b5             [ 3]         lda z80_D
849f : 65b7             [ 3]         adc z80_H
84a1 : 8df787           [ 4] 	    sta AYREGS+Env+1                            
                             
84a4 : a900             [ 2]         lda #00                                  
84a6 : 0de887           [ 4]         ora CurEDel         ; OPT ?              
84a9 : f019             [ 3] 	    beq ROUT                                    
84ab : cee887           [ 6] 	    dec CurEDel                                 
84ae : d014             [ 3] 	    bne ROUT                                    
84b0 :                       Env_Del
84b0 : a93e             [ 2] 	    lda #$3E                                    
84b2 : 8de887           [ 4] 	    sta CurEDel                                 
84b5 :                       ESldAdd
84b5 : a9ac             [ 2] 	    lda #$AC                                    
84b7 : 18               [ 2]         clc
84b8 : 65b4             [ 3]         adc z80_E       
84ba : 8de687           [ 4]         sta CurESld
84bd : a9ac             [ 2]         lda #$AC
84bf : 65b5             [ 3]         adc z80_D
84c1 : 8de787           [ 4] 	    sta CurESld+1                               
                             ; ===============================================
                             ; ORIC 1/ATMOS VIA addresses:
030c =                       VIA_PCR = $30C
030f =                       VIA_ORA = $30F
                             ; Values for the PCR register - always enable CB1
00df =                       SND_SELREAD		= 0b11011111		; CB2=low, CA2=high
00fd =                       SND_SELWRITE		= 0b11111101		; CB2=high, CA2=low
00ff =                       SND_SELSETADDR		= 0b11111111		; CB2=high, CA2=hig
00dd =                       SND_DESELECT		= 0b11011101		; CB2=low,CA2=low
84c4 :                       ROUT
84c4 : aeec87           [ 4]         ldx AYREGS+1    ; hi ToneA
84c7 : adeb87           [ 4]         lda AYREGS+0    ; lo ToneA
84ca : 208986           [ 6]         jsr FIX16BITS
                                     
84cd : a900             [ 2]         lda #00             
84cf : 8d0f03           [ 4]         sta VIA_ORA     ; register number
84d2 : a9ff             [ 2]         lda #SND_SELSETADDR        ; fct: SET PSG
84d4 : 8d0c03           [ 4]         sta VIA_PCR
84d7 : a9dd             [ 2]         lda #SND_DESELECT        ; fct: INACTIVE
84d9 : 8d0c03           [ 4]         sta VIA_PCR
                             
84dc : 8c0f03           [ 4]         sty VIA_ORA
AS65 Assembler for R6502 [1.42].                                     Page   37
----------------------------------- ppt3.s -----------------------------------

84df : a9fd             [ 2]         lda #SND_SELWRITE        ; fct: WRITE DAT
84e1 : 8d0c03           [ 4]         sta VIA_PCR
84e4 : a9dd             [ 2]         lda #SND_DESELECT        ; fct: INACTIVE
84e6 : 8d0c03           [ 4]         sta VIA_PCR
                             
84e9 : a901             [ 2]         lda #01             
84eb : 8d0f03           [ 4]         sta VIA_ORA     ; register number
84ee : a9ff             [ 2]         lda #SND_SELSETADDR        ; fct: SET PSG
84f0 : 8d0c03           [ 4]         sta VIA_PCR
84f3 : a9dd             [ 2]         lda #SND_DESELECT        ; fct: INACTIVE
84f5 : 8d0c03           [ 4]         sta VIA_PCR
                             
84f8 : 8e0f03           [ 4]         stx VIA_ORA
84fb : a9fd             [ 2]         lda #SND_SELWRITE        ; fct: WRITE DAT
84fd : 8d0c03           [ 4]         sta VIA_PCR
8500 : a9dd             [ 2]         lda #SND_DESELECT        ; fct: INACTIVE
8502 : 8d0c03           [ 4]         sta VIA_PCR
                                     
8505 : aeee87           [ 4]         ldx AYREGS+3    ; hi ToneA
8508 : aded87           [ 4]         lda AYREGS+2    ; lo ToneA
850b : 208986           [ 6]         jsr FIX16BITS 
                             
850e : a902             [ 2]         lda #02             
8510 : 8d0f03           [ 4]         sta VIA_ORA     ; register number
8513 : a9ff             [ 2]         lda #SND_SELSETADDR        ; fct: SET PSG
8515 : 8d0c03           [ 4]         sta VIA_PCR
8518 : a9dd             [ 2]         lda #SND_DESELECT        ; fct: INACTIVE
851a : 8d0c03           [ 4]         sta VIA_PCR
                             
851d : 8c0f03           [ 4]         sty VIA_ORA
8520 : a9fd             [ 2]         lda #SND_SELWRITE        ; fct: WRITE DAT
8522 : 8d0c03           [ 4]         sta VIA_PCR
8525 : a9dd             [ 2]         lda #SND_DESELECT        ; fct: INACTIVE
8527 : 8d0c03           [ 4]         sta VIA_PCR
                             
852a : a903             [ 2]         lda #03             
852c : 8d0f03           [ 4]         sta VIA_ORA     ; register number
852f : a9ff             [ 2]         lda #SND_SELSETADDR        ; fct: SET PSG
8531 : 8d0c03           [ 4]         sta VIA_PCR
8534 : a9dd             [ 2]         lda #SND_DESELECT        ; fct: INACTIVE
8536 : 8d0c03           [ 4]         sta VIA_PCR
                             
8539 : 8e0f03           [ 4]         stx VIA_ORA
853c : a9fd             [ 2]         lda #SND_SELWRITE        ; fct: WRITE DAT
853e : 8d0c03           [ 4]         sta VIA_PCR
8541 : a9dd             [ 2]         lda #SND_DESELECT        ; fct: INACTIVE
8543 : 8d0c03           [ 4]         sta VIA_PCR
                             
8546 : aef087           [ 4]         ldx AYREGS+5    ; hi ToneA
8549 : adef87           [ 4]         lda AYREGS+4    ; lo ToneA
854c : 208986           [ 6]         jsr FIX16BITS 
                             
854f : a904             [ 2]         lda #04             
8551 : 8d0f03           [ 4]         sta VIA_ORA     ; register number
8554 : a9ff             [ 2]         lda #SND_SELSETADDR        ; fct: SET PSG
8556 : 8d0c03           [ 4]         sta VIA_PCR
8559 : a9dd             [ 2]         lda #SND_DESELECT        ; fct: INACTIVE
855b : 8d0c03           [ 4]         sta VIA_PCR
                             
855e : 8c0f03           [ 4]         sty VIA_ORA
8561 : a9fd             [ 2]         lda #SND_SELWRITE        ; fct: WRITE DAT
8563 : 8d0c03           [ 4]         sta VIA_PCR
AS65 Assembler for R6502 [1.42].                                     Page   38
----------------------------------- ppt3.s -----------------------------------

8566 : a9dd             [ 2]         lda #SND_DESELECT        ; fct: INACTIVE
8568 : 8d0c03           [ 4]         sta VIA_PCR
                             
856b : a905             [ 2]         lda #05             
856d : 8d0f03           [ 4]         sta VIA_ORA     ; register number
8570 : a9ff             [ 2]         lda #SND_SELSETADDR        ; fct: SET PSG
8572 : 8d0c03           [ 4]         sta VIA_PCR
8575 : a9dd             [ 2]         lda #SND_DESELECT        ; fct: INACTIVE
8577 : 8d0c03           [ 4]         sta VIA_PCR
                             
857a : 8e0f03           [ 4]         stx VIA_ORA
857d : a9fd             [ 2]         lda #SND_SELWRITE        ; fct: WRITE DAT
857f : 8d0c03           [ 4]         sta VIA_PCR
8582 : a9dd             [ 2]         lda #SND_DESELECT        ; fct: INACTIVE
8584 : 8d0c03           [ 4]         sta VIA_PCR
                             
8587 : a906             [ 2]         lda #06             
8589 : 8d0f03           [ 4]         sta VIA_ORA     ; register number
858c : a9ff             [ 2]         lda #SND_SELSETADDR        ; fct: SET PSG
858e : 8d0c03           [ 4]         sta VIA_PCR
8591 : a9dd             [ 2]         lda #SND_DESELECT        ; fct: INACTIVE
8593 : 8d0c03           [ 4]         sta VIA_PCR
                             
8596 : adf187           [ 4]         lda AYREGS+6    ; data
                                     ;jsr FIX8BITS
8599 : 4a               [ 2]         lsr a             ; /2 
859a : 8d0f03           [ 4]         sta VIA_ORA
859d : a9fd             [ 2]         lda #SND_SELWRITE        ; fct: WRITE DAT
859f : 8d0c03           [ 4]         sta VIA_PCR
85a2 : a9dd             [ 2]         lda #SND_DESELECT        ; fct: INACTIVE
85a4 : 8d0c03           [ 4]         sta VIA_PCR
                             
85a7 : a907             [ 2]         lda #07
85a9 : 8d0f03           [ 4]         sta VIA_ORA     ; register number
85ac : a9ff             [ 2]         lda #SND_SELSETADDR        ; fct: SET PSG
85ae : 8d0c03           [ 4]         sta VIA_PCR
85b1 : a9dd             [ 2]         lda #SND_DESELECT        ; fct: INACTIVE
85b3 : 8d0c03           [ 4]         sta VIA_PCR
                             
85b6 : adf287           [ 4]         lda AYREGS+7    ; data
85b9 : 0940             [ 2]         ora #0x40                ; dflat needs AY
85bb : 8d0f03           [ 4]         sta VIA_ORA
85be : a9fd             [ 2]         lda #SND_SELWRITE        ; fct: WRITE DAT
85c0 : 8d0c03           [ 4]         sta VIA_PCR
85c3 : a9dd             [ 2]         lda #SND_DESELECT        ; fct: INACTIVE
85c5 : 8d0c03           [ 4]         sta VIA_PCR
                             
85c8 : a908             [ 2]         lda #08             
85ca : 8d0f03           [ 4]         sta VIA_ORA     ; register number
85cd : a9ff             [ 2]         lda #SND_SELSETADDR        ; fct: SET PSG
85cf : 8d0c03           [ 4]         sta VIA_PCR
85d2 : a9dd             [ 2]         lda #SND_DESELECT        ; fct: INACTIVE
85d4 : 8d0c03           [ 4]         sta VIA_PCR
                             
85d7 : adf387           [ 4]         lda AYREGS+8    ; data
85da : 8d0f03           [ 4]         sta VIA_ORA
85dd : a9fd             [ 2]         lda #SND_SELWRITE        ; fct: WRITE DAT
85df : 8d0c03           [ 4]         sta VIA_PCR
85e2 : a9dd             [ 2]         lda #SND_DESELECT        ; fct: INACTIVE
85e4 : 8d0c03           [ 4]         sta VIA_PCR
                             
85e7 : a909             [ 2]         lda #09             
AS65 Assembler for R6502 [1.42].                                     Page   39
----------------------------------- ppt3.s -----------------------------------

85e9 : 8d0f03           [ 4]         sta VIA_ORA     ; register number
85ec : a9ff             [ 2]         lda #SND_SELSETADDR        ; fct: SET PSG
85ee : 8d0c03           [ 4]         sta VIA_PCR
85f1 : a9dd             [ 2]         lda #SND_DESELECT        ; fct: INACTIVE
85f3 : 8d0c03           [ 4]         sta VIA_PCR
                             
85f6 : adf487           [ 4]         lda AYREGS+9    ; data
85f9 : 8d0f03           [ 4]         sta VIA_ORA
85fc : a9fd             [ 2]         lda #SND_SELWRITE        ; fct: WRITE DAT
85fe : 8d0c03           [ 4]         sta VIA_PCR
8601 : a9dd             [ 2]         lda #SND_DESELECT        ; fct: INACTIVE
8603 : 8d0c03           [ 4]         sta VIA_PCR
                             
8606 : a90a             [ 2]         lda #10             
8608 : 8d0f03           [ 4]         sta VIA_ORA     ; register number
860b : a9ff             [ 2]         lda #SND_SELSETADDR        ; fct: SET PSG
860d : 8d0c03           [ 4]         sta VIA_PCR
8610 : a9dd             [ 2]         lda #SND_DESELECT        ; fct: INACTIVE
8612 : 8d0c03           [ 4]         sta VIA_PCR
                             
8615 : adf587           [ 4]         lda AYREGS+10   ; data
8618 : 8d0f03           [ 4]         sta VIA_ORA
861b : a9fd             [ 2]         lda #SND_SELWRITE        ; fct: WRITE DAT
861d : 8d0c03           [ 4]         sta VIA_PCR
8620 : a9dd             [ 2]         lda #SND_DESELECT        ; fct: INACTIVE
8622 : 8d0c03           [ 4]         sta VIA_PCR
                             
8625 : aef787           [ 4]         ldx AYREGS+12   ; hi Env
8628 : adf687           [ 4]         lda AYREGS+11   ; lo Env
862b : 208986           [ 6]         jsr FIX16BITS 
                             
862e : a90b             [ 2]         lda #11             
8630 : 8d0f03           [ 4]         sta VIA_ORA     ; register number
8633 : a9ff             [ 2]         lda #SND_SELSETADDR        ; fct: SET PSG
8635 : 8d0c03           [ 4]         sta VIA_PCR
8638 : a9dd             [ 2]         lda #SND_DESELECT        ; fct: INACTIVE
863a : 8d0c03           [ 4]         sta VIA_PCR
                             
863d : 8c0f03           [ 4]         sty VIA_ORA
8640 : a9fd             [ 2]         lda #SND_SELWRITE        ; fct: WRITE DAT
8642 : 8d0c03           [ 4]         sta VIA_PCR
8645 : a9dd             [ 2]         lda #SND_DESELECT        ; fct: INACTIVE
8647 : 8d0c03           [ 4]         sta VIA_PCR
                             
864a : a90c             [ 2]         lda #12             
864c : 8d0f03           [ 4]         sta VIA_ORA     ; register number
864f : a9ff             [ 2]         lda #SND_SELSETADDR        ; fct: SET PSG
8651 : 8d0c03           [ 4]         sta VIA_PCR
8654 : a9dd             [ 2]         lda #SND_DESELECT        ; fct: INACTIVE
8656 : 8d0c03           [ 4]         sta VIA_PCR
                             
8659 : 8e0f03           [ 4]         stx VIA_ORA
865c : a9fd             [ 2]         lda #SND_SELWRITE        ; fct: WRITE DAT
865e : 8d0c03           [ 4]         sta VIA_PCR
8661 : a9dd             [ 2]         lda #SND_DESELECT        ; fct: INACTIVE
8663 : 8d0c03           [ 4]         sta VIA_PCR
                             
                                     ; shunte R13 si $FF (Y=13) => plus géné
8666 : adf887           [ 4]         lda AYREGS+13
8669 : 1001             [ 3]         bpl OUT_S
866b : 60               [ 6]         rts
866c : a00d             [ 2] OUT_S   ldy #13
AS65 Assembler for R6502 [1.42].                                     Page   40
----------------------------------- ppt3.s -----------------------------------

866e : 8c0f03           [ 4]         sty VIA_ORA     ; 
8671 : a0ff             [ 2]         ldy #SND_SELSETADDR        ; fct: SET PSG
8673 : 8c0c03           [ 4]         sty VIA_PCR
8676 : a0dd             [ 2]         ldy #SND_DESELECT        ; fct: INACTIVE
8678 : 8c0c03           [ 4]         sty VIA_PCR
                             
867b : 8d0f03           [ 4]         sta VIA_ORA     ; a = data
867e : a9fd             [ 2]         lda #SND_SELWRITE        ; fct: WRITE DAT
8680 : 8d0c03           [ 4]         sta VIA_PCR
8683 : a9dd             [ 2]         lda #SND_DESELECT        ; fct: INACTIVE
8685 : 8d0c03           [ 4]         sta VIA_PCR
8688 : 60               [ 6]         rts
                             ; -------------------------------------
8689 :                       FIX16BITS       ; INT(256*2*1000/1773) = 289 = 25
                                             ; IN:  register A is low byte
                                             ;      register X is high byte
                                             ; OUT: register Y is low byte
                                             ;      register X is high byte
                             
                                     ; x256
8689 : 86bb             [ 3]         stx TA1
868b : 85bd             [ 3]         sta TB1
868d : 86be             [ 3]         stx TB2
868f : 85c0             [ 3]         sta TC2
8691 : 86c1             [ 3]         stx TB3
8693 : 85c2             [ 3]         sta TC3
8695 : a900             [ 2]         lda #00
8697 : 85bc             [ 3]         sta TA2
                                     
                                     ; x32
8699 : 06c0             [ 5]         asl TC2
869b : 26be             [ 5]         rol TB2
869d : 26bc             [ 5]         rol TA2
869f : 06c0             [ 5]         asl TC2
86a1 : 26be             [ 5]         rol TB2
86a3 : 26bc             [ 5]         rol TA2
86a5 : 06c0             [ 5]         asl TC2
86a7 : 26be             [ 5]         rol TB2
86a9 : 26bc             [ 5]         rol TA2
86ab : 06c0             [ 5]         asl TC2
86ad : 26be             [ 5]         rol TB2
86af : 26bc             [ 5]         rol TA2
86b1 : 06c0             [ 5]         asl TC2
86b3 : 26be             [ 5]         rol TB2
86b5 : 26bc             [ 5]         rol TA2
                                     
                                     ; x32 + x01
86b7 : 18               [ 2]         clc
86b8 : a5c2             [ 3]         lda TC3
86ba : 65c0             [ 3]         adc TC2
                                     ; sta TC2
86bc : a5c1             [ 3]         lda TB3
86be : 65be             [ 3]         adc TB2
86c0 : 85be             [ 3]         sta TB2
86c2 : a5bc             [ 3]         lda TA2
86c4 : 6900             [ 2]         adc #00
86c6 : 85bc             [ 3]         sta TA2
                             
                                     ; + x256 
86c8 : 18               [ 2]         clc         
86c9 : a5be             [ 3]         lda TB2
86cb : 65bd             [ 3]         adc TB1
AS65 Assembler for R6502 [1.42].                                     Page   41
----------------------------------- ppt3.s -----------------------------------

86cd : a8               [ 2]         tay         ; sta TB1
86ce : a5bc             [ 3]         lda TA2
86d0 : 65bb             [ 3]         adc TA1
                                     ; sta TA1
                             
                                     ; / 2 (16bits)
86d2 : 4a               [ 2]         lsr a         ; lsr TA1
86d3 : aa               [ 2]         tax         ; ldx TA1
86d4 : 98               [ 2]         tya         ; lda TB1     
86d5 : 6a               [ 2]         ror a         ; ror TB1
86d6 : a8               [ 2]         tay         ; ldy TB1
86d7 : 60               [ 6]         rts 
                             
                             ; ===============================================
86d8 :                       NT_DATA	
86d8 : 64                            fcb (T_NEW_0-T1_)*2
86d9 : 2a                    	    fcb TCNEW_0-T_
86da : 65                    	    fcb (T_OLD_0-T1_)*2+1
86db : 00                    	    fcb TCOLD_0-T_
86dc : 01                    	    fcb (T_NEW_1-T1_)*2+1
86dd : 0c                    	    fcb TCNEW_1-T_
86de : 01                    	    fcb (T_OLD_1-T1_)*2+1
86df : 0c                    	    fcb TCOLD_1-T_
86e0 : 94                    	    fcb (T_NEW_2-T1_)*2
86e1 : 35                    	    fcb TCNEW_2-T_
86e2 : 30                    	    fcb (T_OLD_2-T1_)*2
86e3 : 0e                    	    fcb TCOLD_2-T_
86e4 : 60                    	    fcb (T_NEW_3-T1_)*2
86e5 : 20                    	    fcb TCNEW_3-T_
86e6 : 60                    	    fcb (T_OLD_3-T1_)*2
86e7 : 21                    	    fcb TCOLD_3-T_
                             
86e8 :                       T_
                             
86e8 : 0105090b0d0f1315      TCOLD_0	fcb $00+1,$04+1,$08+1,$0A+1,$0C+1,$0E+1,$
86f0 : 19253d00              	    fcb $18+1,$24+1,$3C+1,0
86f4 : 5d00                  TCOLD_1	fcb $5C+1,0
86f6 : 31374d535f7182..      TCOLD_2	fcb $30+1,$36+1,$4C+1,$52+1,$5E+1,$70+1,$
86ff : 9ea0a6a8aaacae..      	    fcb $9E,$A0,$A6,$A8,$AA,$AC,$AE,$AE,0
8708 : 57                    TCNEW_3	fcb $56+1
8709 : 1f2325292d2f33..      TCOLD_3	fcb $1E+1,$22+1,$24+1,$28+1,$2C+1,$2E+1,$
8712 : 1d2123272b2d3155      TCNEW_0	fcb $1C+1,$20+1,$22+1,$26+1,$2A+1,$2C+1,$
871a : bdbf00                	    fcb $BC+1,$BE+1,0
86f4 =                       TCNEW_1 = TCOLD_1
871d : 1b2125292b3b4d5f      TCNEW_2	fcb $1A+1,$20+1,$24+1,$28+1,$2A+1,$3A+1,$
8725 : bbbdbf00              	    fcb $BA+1,$BC+1,$BE+1,0
                             
8728 =                       EMPTYSAMORN = *-1
8729 : 010090                	    fcb 1,0,$90 ;delete #90 if you don't need de
                             
                             ;first 12 values of tone tables
                             
872c :                       T1_ 	
872c : f01d                          fcw $1DF0
872e : 201c                          fcw $1C20
8730 : c01a                          fcw $1AC0
8732 : 0019                          fcw $1900
8734 : b017                          fcw $17B0
8736 : 5016                          fcw $1650
8738 : 1015                          fcw $1510
873a : e013                          fcw $13E0
                             
AS65 Assembler for R6502 [1.42].                                     Page   42
----------------------------------- ppt3.s -----------------------------------

873c : c012                          fcw $12C0
873e : c011                          fcw $11C0
8740 : b010                          fcw $10B0
8742 : c00f                          fcw $0FC0
8744 : 7c1a                          fcw $1A7C
8746 : 0019                          fcw $1900
8748 : 9817                          fcw $1798
874a : 4416                          fcw $1644
                             
874c : 0415                          fcw $1504
874e : d813                          fcw $13D8
8750 : b812                          fcw $12B8
8752 : ac11                          fcw $11AC
8754 : b010                          fcw $10B0
8756 : c00f                          fcw $0FC0
8758 : dc0e                          fcw $0EDC
875a : 080e                          fcw $0E08
                             
875c : b419                          fcw $19B4
875e : 4418                          fcw $1844
8760 : e616                          fcw $16E6
8762 : 9e15                          fcw $159E
8764 : 6614                          fcw $1466
8766 : 4213                          fcw $1342
8768 : 2e12                          fcw $122E
876a : 2811                          fcw $1128
                             
876c : 3210                          fcw $1032
876e : 480f                          fcw $0F48
8770 : 6e0e                          fcw $0E6E
8772 : 9e0d                          fcw $0D9E
8774 : da0c                          fcw $0CDA
8776 : 201a                          fcw $1A20
8778 : aa18                          fcw $18AA
877a : 4817                          fcw $1748
                             
877c : f815                          fcw $15F8
877e : be14                          fcw $14BE
8780 : 9413                          fcw $1394
8782 : 7a12                          fcw $127A
8784 : 7011                          fcw $1170
8786 : 7610                          fcw $1076
8788 : 8a0f                          fcw $0F8A
878a : aa0e                          fcw $0EAA
                             
878c : d80d                          fcw $0DD8
                             
872c =                       T_OLD_1	= T1_
8744 =                       T_OLD_2	= T_OLD_1+24
875c =                       T_OLD_3	= T_OLD_2+24
875e =                       T_OLD_0	= T_OLD_3+2
875e =                       T_NEW_0	= T_OLD_0
872c =                       T_NEW_1	= T_OLD_1
8776 =                       T_NEW_2	= T_NEW_0+24
875c =                       T_NEW_3	= T_OLD_3
                             
878e =                       FILE_END =*
                             ; ===========================
                             
878e :                       .bss        ; uninitialized data stuff
                             
                             ;vars from here can be stripped
AS65 Assembler for R6502 [1.42].                                     Page   43
----------------------------------- ppt3.s -----------------------------------

                             ;you can move VARS to any other address
                             
878e :                       VARS
                             ;ChannelsVars
                             
                             ; STRUCT "CHP"
0000 =                       PsInOr	= 0
0001 =                       PsInSm	= 1
0002 =                       CrAmSl  = 2
0003 =                       CrNsSl	= 3
0004 =                       CrEnSl	= 4
0005 =                       TSlCnt	= 5
0006 =                       CrTnSl	= 6
0008 =                       TnAcc	= 8
000a =                       COnOff	= 10
000b =                       OnOffD	= 11
000c =                       OffOnD	= 12
000d =                       OrnPtr	= 13
000f =                       SamPtr	= 15
0011 =                       NNtSkp	= 17
0012 =                       Note	= 18
0013 =                       SlToNt	= 19
0014 =                       Env_En	= 20
0015 =                       Flags	= 21
0016 =                       TnSlDl	= 22
0017 =                       TSlStp	= 23
0019 =                       TnDelt	= 25
001b =                       NtSkCn	= 27
001c =                       Volume	= 28
                             ; end STRUCT
                             
                             ; CHANNEL A
878e :                       ChanA	
                             ;reset group
878e : 00                    APsInOr	fcb 0
878f : 00                    APsInSm	fcb 0
8790 : 00                    ACrAmSl	fcb 0
8791 : 00                    ACrNsSl	fcb 0
8792 : 00                    ACrEnSl	fcb 0
8793 : 00                    ATSlCnt	fcb 0
8794 : 0000                  ACrTnSl	fcw 0
8796 : 0000                  ATnAcc	fcw 0
8798 : 00                    ACOnOff	fcb 0
                             ;reset group
                             
8799 : 00                    AOnOffD	fcb 0
                             
879a : 00                    AOffOnD	fcb 0
879b : 0000                  AOrnPtr	fcw 0
879d : 0000                  ASamPtr	fcw 0
879f : 00                    ANNtSkp	fcb 0
87a0 : 00                    ANote	fcb 0
87a1 : 00                    ASlToNt	fcb 0
87a2 : 00                    AEnv_En	fcb 0
87a3 : 00                    AFlags	fcb 0
                              ;Enabled - 0,SimpleGliss - 2
87a4 : 00                    ATnSlDl	fcb 0
87a5 : 0000                  ATSlStp	fcw 0
87a7 : 0000                  ATnDelt	fcw 0
87a9 : 00                    ANtSkCn	fcb 0
87aa : 00                    AVolume	fcb 0
                             	
AS65 Assembler for R6502 [1.42].                                     Page   44
----------------------------------- ppt3.s -----------------------------------

                             ; CHANNEL B
87ab :                       ChanB
                             ;reset group
87ab : 00                    BPsInOr	fcb 0
87ac : 00                    BPsInSm	fcb 0
87ad : 00                    BCrAmSl	fcb 0
87ae : 00                    BCrNsSl	fcb 0
87af : 00                    BCrEnSl	fcb 0
87b0 : 00                    BTSlCnt	fcb 0
87b1 : 0000                  BCrTnSl	fcw 0
87b3 : 0000                  BTnAcc	fcw 0
87b5 : 00                    BCOnOff	fcb 0
                             ;reset group
                             
87b6 : 00                    BOnOffD	fcb 0
                             
87b7 : 00                    BOffOnD	fcb 0
87b8 : 0000                  BOrnPtr	fcw 0
87ba : 0000                  BSamPtr	fcw 0
87bc : 00                    BNNtSkp	fcb 0
87bd : 00                    BNote	fcb 0
87be : 00                    BSlToNt	fcb 0
87bf : 00                    BEnv_En	fcb 0
87c0 : 00                    BFlags	fcb 0
                              ;Enabled - 0,SimpleGliss - 2
87c1 : 00                    BTnSlDl	fcb 0
87c2 : 0000                  BTSlStp	fcw 0
87c4 : 0000                  BTnDelt	fcw 0
87c6 : 00                    BNtSkCn	fcb 0
87c7 : 00                    BVolume	fcb 0
                             
                             ; CHANNEL C
87c8 :                       ChanC
                             ;reset group
87c8 : 00                    CPsInOr	fcb 0
87c9 : 00                    CPsInSm	fcb 0
87ca : 00                    CCrAmSl	fcb 0
87cb : 00                    CCrNsSl	fcb 0
87cc : 00                    CCrEnSl	fcb 0
87cd : 00                    CTSlCnt	fcb 0
87ce : 0000                  CCrTnSl	fcw 0
87d0 : 0000                  CTnAcc	fcw 0
87d2 : 00                    CCOnOff	fcb 0
                             ;reset group
                             
87d3 : 00                    COnOffD	fcb 0
                             
87d4 : 00                    COffOnD	fcb 0
87d5 : 0000                  COrnPtr	fcw 0
87d7 : 0000                  CSamPtr	fcw 0
87d9 : 00                    CNNtSkp	fcb 0
87da : 00                    CNote	fcb 0
87db : 00                    CSlToNt	fcb 0
87dc : 00                    CEnv_En	fcb 0
87dd : 00                    CFlags	fcb 0
                              ;Enabled - 0,SimpleGliss - 2
87de : 00                    CTnSlDl	fcb 0
87df : 0000                  CTSlStp	fcw 0
87e1 : 0000                  CTnDelt	fcw 0
87e3 : 00                    CNtSkCn	fcb 0
87e4 : 00                    CVolume	fcb 0
                             
AS65 Assembler for R6502 [1.42].                                     Page   45
----------------------------------- ppt3.s -----------------------------------

                             ; ------------
                             
                             ;GlobalVars
87e5 : 00                    DelyCnt	fcb 0
87e6 : 0000                  CurESld	fcw 0
87e8 : 00                    CurEDel	fcb 0
87e9 :                       Ns_Base_AddToNs
87e9 : 00                    Ns_Base	fcb 0
87ea : 00                    AddToNs	fcb 0
                             
                             ; ===========================
87eb :                       AYREGS ; AY registers
                             
0000 =                       TonA	= 0
0002 =                       TonB	= 2
0004 =                       TonC	= 4
0006 =                       Noise	= 6
0007 =                       Mixer	= 7
0008 =                       AmplA	= 8
0009 =                       AmplB	= 9
000a =                       AmplC	= 10
000b =                       Env	    = 11
000d =                       EnvTp	= 13
                             ; ---
                             
87f5 =                       Ampl	= AYREGS+AmplC
                             ; ===========================
87eb : 00000000000000..      VT_	ds 256 ;CreatedVolumeTableAddress
                             
87f9 =                       EnvBase	= VT_+14
87fb =                       VAR0END	= VT_+16 ;INIT zeroes from VARS to VAR0EN
                             
                             ; ===========================
88eb : 00000000000000..      NT_	ds 192 ;CreatedNoteTableAddress
                             
89ab =                       VARS_END = *
                             
No errors in pass 2.
Wrote binary from address $7900 through $89aa.
Total size 4267 bytes.
